locality;caterpillar;parasitoid
Yapsiei;Meekiaria purpurea;AGAT001
Yapsiei;Meekiaria purpurea;AGAT001
Yapsiei;Nothomastix klossi;AGAT001
Yapsiei;Meekiaria sp. BOLD:AAA3374;AGAT001
Wanang;Loboschiza sp. AAI1072;AGAT013
Ohu2;Dudua n. sp. nr. aprobola;AGAT013
Yapsiei;Choreutis lutescens;AGAT022
Ohu1;Choreutis lutescens;AGAT022
Ohu2;Choreutis lutescens;AGAT022
Ohu1;Choreutis lutescens;AGAT022
Ohu1;Talanga excelsalis;AGAT022
Ohu2;Choreutis cf. anthorma;AGAT022
Wanang;Choreutis lutescens;AGAT022
Wanang;Choreutis lutescens;AGAT022
Wanang;Choreutis lutescens;AGAT022
Elem;Choreutis lutescens;AGAT022
Yapsiei;Choreutis lutescens;AGAT022
Yapsiei;Choreutis lutescens;AGAT022
Yapsiei;Choreutis lutescens;AGAT022
Yapsiei;Talanga excelsalis;AGAT022
Yapsiei;Choreutis lutescens;AGAT022
Wanang;Choreutis lutescens;AGAT022
Ohu1;Choreutis lutescens;AGAT022
Wamangu;Choreutis lutescens;AGAT022
Wamangu;Choreutis lutescens;AGAT022
Wamangu;Choreutis lutescens;AGAT022
Wamangu;Choreutis lutescens;AGAT022
Morox;Choreutis lutescens;AGAT022
Morox;Choreutis lutescens;AGAT022
Morox;Choreutis lutescens;AGAT022
Morox;Choreutis lutescens;AGAT022
Ohu2;Choreutis cf. anthorma;AGAT022
Ohu2;Brenthia JR37;AGAT023
Ohu2;Brenthia JR37;AGAT023
Ohu2;Brenthia JR37;AGAT023
Ohu2;Brenthia JR37;AGAT023
Ohu1;Brenthia JR37;AGAT023
Ohu1;Brenthia JR34;AGAT023
Ohu1;Brenthia JR37;AGAT023
Ohu1;Brenthia JR37;AGAT023
Ohu1;Brenthia JR37;AGAT023
Morox;Brenthia JR37;AGAT023
Wanang;Choreutis cf. anthorma;AGAT023
Ohu2;Brenthia JR37;AGAT023
Ohu1;Brenthia JR54;AGAT023
Ohu2;Brenthia JR37;AGAT023
Morox;Brenthia JR37;AGAT023
Morox;Brenthia JR37;AGAT023
Morox;Brenthia JR37;AGAT023
Morox;Brenthia JR37;AGAT023
Ohu1;Pseudocera nr. trissosticha;AGAT028
Ohu1;Pseudocera nr. trissosticha;AGAT028
Ohu1;Pseudocera nr. trissosticha;AGAT028
Ohu1;Pseudocera nr. trissosticha;AGAT028
Ohu1;Pseudocera sp. AAB1481;AGAT028
Ohu1;Pseudocera nr. trissosticha;AGAT028
Ohu1;Agrotera ignepictoides;AGAT028
Niksek;Nycteola nr. pseudoindica;AGAT028
Wamangu;Pseudocera nr. trissosticha;AGAT028
Wamangu;Pseudocera nr. trissosticha;AGAT028
Morox;Agrotera nr. effertalis;AGAT028
Morox;Agrotera nr. effertalis;AGAT028
Morox;Brenthia JR62;AGAT049
Morox;Brenthia JR62;AGAT049
Morox;Brenthia JR62;AGAT049
Morox;Brenthia JR62;AGAT049
Morox;Brenthia JR54;AGAT049
Morox;Brenthia JR62;AGAT049
Morox;Brenthia JR62;AGAT049
Morox;Brenthia JR54;AGAT049
Morox;Brenthia JR62;AGAT049
Morox;Brenthia JR54;AGAT049
Morox;Brenthia JR62;AGAT049
Morox;Brenthia JR62;AGAT049
Morox;Brenthia JR54;AGAT049
Morox;Brenthia JR62;AGAT049
Morox;Brenthia JR62;AGAT049
Morox;Brenthia JR62;AGAT049
Morox;Brenthia JR62;AGAT049
Morox;Brenthia JR62;AGAT049
Morox;Brenthia sp. AAI3833;AGAT049
Morox;Brenthia JR62;AGAT049
Morox;Brenthia JR62;AGAT049
Morox;Brenthia JR62;AGAT049
Morox;Brenthia JR62;AGAT049
Morox;Brenthia JR54;AGAT049
Morox;Brenthia JR54;AGAT049
Morox;Brenthia JR62;AGAT049
Morox;Brenthia JR54;AGAT049
Morox;Brenthia JR62;AGAT049
Morox;Brenthia JR54;AGAT049
Utai;Unadophanes trissomita;AGAT054
Utai;Unadophanes trissomita;AGAT054
Utai;Brenthia JR22;AGAT054
Morox;Dichomeris sp. XXXX068;AGAT054
Morox;Addaea pusilla;AGAT055
Morox;Addaea pusilla;AGAT055
Wanang;Addaea pusilla;AGAT055
Wanang;Addaea pusilla;AGAT055
Wanang;Addaea pusilla;AGAT055
Wamangu;Addaea pusilla;AGAT055
Wamangu;Addaea pusilla;AGAT055
Morox;Dichomeris sp. XXXX068;AGAT055
Morox;Dichomeris sp. XXXX068;AGAT055
Morox;Addaea pusilla;AGAT055
Morox;Addaea pusilla;AGAT055
Morox;Addaea pusilla;AGAT055
Ohu1;Meekiaria sp. BOLD:AAA3374;AGAT074
Morox;Meekiaria sp. BOLD:AAA3374;AGAT074
Morox;Meekiaria sp. BOLD:AAA3374;AGAT074
Utai;Glyphodes margaritaria;APAN002
Utai;Choreutis cf. anthorma;APAN002
Utai;Glyphodes margaritaria;APAN002
Wamangu;Glyphodes margaritaria;APAN002
Niksek;Talanga deliciosa;APAN002
Utai;Glyphodes margaritaria;APAN002
Utai;Glyphodes margaritaria;APAN002
Utai;Glyphodes margaritaria;APAN002
Utai;Glyphodes margaritaria;APAN002
Utai;Choreutis cf. anthorma;APAN002
Utai;Glyphodes margaritaria;APAN002
Utai;Choreutis cf. anthorma;APAN002
Wamangu;Choreutis cf. anthorma;APAN002
Wamangu;Glyphodes margaritaria;APAN002
Wamangu;Glyphodes margaritaria;APAN002
Wamangu;Talanga deliciosa;APAN002
Elem;Talanga deliciosa;APAN002
Utai;Glyphodes margaritaria;APAN002
Utai;Glyphodes margaritaria;APAN002
Utai;Talanga deliciosa;APAN002
Utai;Glyphodes margaritaria;APAN002
Utai;Glyphodes margaritaria;APAN002
Ohu1;Talanga polyzonalis;APAN002
Wamangu;Glyphodes margaritaria;APAN002
Ohu1;Choreutis cf. anthorma;APAN010
Ohu1;Choreutis cf. anthorma;APAN010
Ohu1;Chamaita pr. metamelaena;APAN010
Ohu2;Choreutis JR09;APAN010
Ohu1;Choreutis cf. anthorma;APAN010
Niksek;Brenthia JR54;APAN010
Niksek;Brenthia JR32;APAN010
Niksek;Choreutis basalis;APAN010
Niksek;Choreutis cf. anthorma;APAN010
Yapsiei;Choreutis basalis;APAN010
Yapsiei;Mellea ramifera;APAN010
Ohu1;Brenthia JR34;APAN010
Ohu1;Dichomeris sp. XXXX068;APAN010
Ohu1;Choreutis cf. anthorma;APAN010
Ohu1;Brenthia JR37;APAN010
Morox;Mellea ramifera;APAN010
Morox;Mellea ramifera;APAN010
Morox;Brenthia JR37;APAN010
Niksek;Choreutis basalis;APAN010
Niksek;Choreutis cf. anthorma;APAN010
Niksek;Choreutis cf. anthorma;APAN010
Niksek;Choreutis cf. anthorma;APAN010
Yapsiei;Choreutis basalis;APAN010
Ohu1;Brenthia sp. AAI3835;APAN010
Morox;Arctornis nr. intacta 1 SEM-2008;APAN010
Morox;Brenthia JR37;APAN010
Morox;Brenthia JR37;APAN010
Ohu1;Brenthia JR54;APAN013
Ohu1;Brenthia JR54;APAN013
Elem;Brenthia JR54;APAN013
Ohu2;Brenthia JR22;APAN013
Niksek;Choreutis lutescens;APAN017
Ohu2;Choreutis cf. anthorma;APAN017
Morox;Choreutis lutescens;APAN017
Morox;Choreutis lutescens;APAN017
Niksek;Choreutis lutescens;APAN017
Ohu1;Brenthia sp. AAF6821;APAN113
Ohu2;Brenthia sp. AAL5584;APAN113
Elem;Brenthia JR34;APAN113
Ohu1;Brenthia sp. AAF6821;APAN113
Niksek;Addaea pusilla;APAN124
Morox;Arctornis nr. intacta 1 SEM-2008;APAN124
Morox;Addaea nr. probolopsis;APAN124
Niksek;Addaea pusilla;APAN124
Yapsiei;Addaea pusilla;APAN124
Morox;Addaea nr. probolopsis;APAN124
Morox;Addaea nr. probolopsis;APAN124
Ohu1;Dichomeris n. sp. nr. ochreoviridella;APAN127
Morox;Philiris helena;APAN127
Yapsiei;Dichomeris n. sp. nr. ochreoviridella;APAN127
Utai;Dichomeris sp. XXXX068;APAN132
Ohu1;Dichomeris sp. XXXX068;APAN132
Wanang;Mellea ordinaria complex;APAN132
Ohu1;Dichomeris sp. XXXX068;APAN132
Ohu1;Dichomeris sp. XXXX068;APAN132
Niksek;Choreutis JR2;APAN132
Niksek;Choreutis basalis;BETH001
Niksek;Choreutis JR5;BETH001
Utai;Choreutis cf. anthorma;BETH001
Utai;Choreutis cf. anthorma;BETH001
Ohu2;Choreutis cf. anthorma;BETH001
Ohu1;Choreutis cf. anthorma;BETH001
Ohu1;Choreutis cf. anthorma;BETH001
Niksek;Choreutis basalis;BETH001
Utai;Choreutis cf. anthorma;BETH001
Utai;Glyphodes margaritaria;BETH001
Utai;Tamba kebea;BETH001
Morox;Choreutis lutescens;BETH001
Wanang;Choreutis cf. anthorma;BETH001
Niksek;Choreutis cf. anthorma;BETH001
Utai;Choreutis cf. anthorma;BETH001
Utai;Choreutis cf. anthorma;BETH001
Ohu2;Choreutis cf. anthorma;BETH001
Ohu2;Choreutis JR5;BETH001
Ohu1;Choreutis JR5;BETH001
Morox;Coelorhyncidia nitidalis;BETH001
Morox;Choreutis lutescens;BETH001
Morox;Choreutis lutescens;BETH001
Wanang;Choreutis cf. anthorma;BETH001
Wanang;Mellea sp. 1 nr. ordinaria;BETH002
Niksek;Mellea ordinaria complex;BETH002
Niksek;Addaea nr. probolopsis;BETH002
Niksek;Mellea nitida;BETH002
Niksek;Mellea sp.near rectiviata;BETH002
Yapsiei;Mellea ramifera;BETH002
Utai;Mellea sp. AAI1456;BETH002
Utai;Mellea ordinaria complex;BETH002
Utai;Dichomeris n. sp. nr. ochreoviridella;BETH002
Utai;Mellea ordinaria complex;BETH002
Utai;Mellea ordinaria complex;BETH002
Yapsiei;Mellea ramifera;BETH002
Wamangu;Limacodidae sp.LIMA007;BETH002
Morox;Brenthia JR54;BETH002
Morox;Mellea hieroglyphica;BETH002
Morox;Talanga excelsalis;BETH002
Morox;Agrotera genuflexa;BETH002
Wamangu;Mellea rectiviata;BETH002
Wamangu;Addaea pusilla;BETH002
Morox;Pharambara splendida;BETH002
Morox;Arctornis nr. intacta 3 SEM-2008;BETH002
Morox;Dichomeris sp. XXXX068;BETH002
Morox;Addaea nr. probolopsis;BETH002
Morox;Mellea hieroglyphica;BETH002
Morox;Rhodoneura aurata;BETH002
Morox;Mellea ramifera;BETH002
Morox;Mellea ramifera;BETH002
Morox;Mellea hieroglyphica;BETH002
Morox;Mellea sp. THYR012;BETH002
Morox;Dichomeris sp. XXXX068;BETH002
Morox;Rhodoneura aurata;BETH002
Morox;Pharambara splendida;BETH002
Morox;Pharambara splendida;BETH002
Morox;Mellea nitida;BETH002
Morox;Mellea hieroglyphica;BETH002
Niksek;Mellea ramifera;BETH002
Niksek;Mellea ramifera;BETH002
Niksek;Mellea sp.near rectiviata;BETH002
Niksek;Mellea ordinaria complex;BETH002
Yapsiei;Mellea ordinaria complex;BETH002
Utai;Mellea ordinaria complex;BETH002
Wamangu;Mellea nitida;BETH002
Wamangu;Mellea ramifera;BETH002
Morox;Mellea ramifera;BETH002
Morox;Mellea ramifera;BETH002
Morox;Mellea nitida;BETH002
Morox;Dichomeris sp. XXXX068;BETH002
Elem;Mellea nitida;BETH002
Elem;Mellea nitida;BETH002
Niksek;Mellea ordinaria complex;BETH002
Utai;Pharambara splendida;BETH002
Utai;Mellea nitida;BETH002
Ohu1;Mellea ordinaria complex;BETH002
Ohu1;Mellea ramifera;BETH002
Morox;Pharambara splendida;BETH002
Morox;Mellea hieroglyphica;BETH002
Morox;Mellea ordinaria complex;BETH002
Morox;Rhodoneura aurata;BETH002
Elem;Mellea sp.near rectiviata;BETH004
Morox;Dichomeris sp. XXXX068;BETH004
Morox;Coelorhyncidia nitidalis;BETH005
Morox;Meekiaria sp. BOLD:AAA3374;BETH005
Morox;Meekiaria sp. BOLD:AAA3374;BETH005
Morox;Coelorhyncidia nitidalis;BETH005
Utai;Coelorhyncidia nitidalis;BETH005
Morox;Meekiaria purpurea;BETH005
Yapsiei;Meekiaria purpurea;CARD001
Yapsiei;Meekiaria sp. AAA3378;CARD001
Ohu1;Meekiaria sp. BOLD:AAA3374;CARD001
Ohu2;Meekiaria sp. BOLD:AAA3374;CARD001
Ohu2;Meekiaria sp. BOLD:AAA3374;CARD001
Ohu2;Meekiaria sp. BOLD:AAA3374;CARD001
Ohu2;Meekiaria sp. BOLD:AAA3374;CARD001
Ohu2;Meekiaria sp. BOLD:AAA3374;CARD001
Ohu1;Meekiaria sp. BOLD:AAA3374;CARD001
Ohu1;Meekiaria sp. BOLD:AAA3374;CARD001
Ohu2;Meekiaria purpurea;CARD001
Ohu1;Coelorhyncidia nitidalis;CARD001
Ohu2;Meekiaria sp. BOLD:AAA3374;CARD001
Elem;Meekiaria purpurea;CARD001
Wanang;Meekiaria sp. BOLD:AAA3374;CARD001
Yapsiei;Choreutis lutescens;CARD001
Utai;Meekiaria sp. AAA3379;CARD001
Wamangu;Coelorhyncidia nitidalis;CARD001
Morox;Meekiaria sp. BOLD:AAA3374;CARD001
Morox;Meekiaria sp. BOLD:AAA3374;CARD001
Morox;Meekiaria sp. BOLD:AAA3374;CARD001
Wanang;Meekiaria purpurea;CARD001
Wanang;Meekiaria sp. BOLD:AAA3374;CARD001
Yapsiei;Coelorhyncidia nitidalis;CARD001
Ohu1;Meekiaria sp. BOLD:AAA3374;CARD001
Wamangu;Meekiaria sp. BOLD:AAA3374;CARD001
Wamangu;Meekiaria purpurea;CARD001
Morox;Coelorhyncidia nitidalis;CARD001
Yapsiei;Coelorhyncidia nitidalis;CARD006
Yapsiei;Meekiaria sp. BOLD:AAA3374;CARD006
Yapsiei;Meekiaria sp. AAA3378;CARD006
Yapsiei;Choreutis lutescens;CARD006
Yapsiei;Meekiaria purpurea;CARD006
Yapsiei;Meekiaria purpurea;CARD006
Yapsiei;Meekiaria purpurea;CARD006
Yapsiei;Meekiaria purpurea;CARD006
Yapsiei;Meekiaria sp. BOLD:AAA3374;CARD006
Yapsiei;Meekiaria sp. BOLD:AAA3374;CARD006
Morox;Coelorhyncidia nitidalis;CARD006
Morox;Meekiaria sp. BOLD:AAA3374;CARD006
Morox;Coelorhyncidia nitidalis;CARD006
Morox;Meekiaria sp. BOLD:AAA3374;CARD006
Morox;Meekiaria sp. BOLD:AAA3374;CARD006
Morox;Meekiaria sp. BOLD:AAA3374;CARD006
Morox;Meekiaria sp. BOLD:AAA3374;CARD006
Morox;Meekiaria sp. BOLD:AAA3374;CARD006
Morox;Coelorhyncidia nitidalis;CARD006
Morox;Meekiaria sp. BOLD:AAA3374;CARD006
Morox;Coelorhyncidia nitidalis;CARD006
Elem;Meekiaria purpurea;CARD006
Elem;Meekiaria sp. BOLD:AAA3374;CARD006
Elem;Meekiaria sp. BOLD:AAA3374;CARD006
Niksek;Meekiaria purpurea;CENT023
Niksek;Meekiaria purpurea;CENT023
Niksek;Meekiaria purpurea;CENT023
Niksek;Meekiaria purpurea;CENT023
Niksek;Meekiaria purpurea;CENT023
Niksek;Meekiaria purpurea;CENT023
Niksek;Mellea sp. AAI1456;CENT023
Niksek;Meekiaria purpurea;CENT023
Niksek;Meekiaria purpurea;CENT023
Niksek;Meekiaria purpurea;CENT023
Niksek;Meekiaria purpurea;CENT023
Niksek;Meekiaria purpurea;CENT023
Niksek;Meekiaria purpurea;CENT023
Niksek;Meekiaria purpurea;CENT023
Niksek;Meekiaria purpurea;CENT023
Niksek;Mellea sp. AAI1456;CENT023
Niksek;Meekiaria purpurea;CENT023
Niksek;Meekiaria purpurea;CENT023
Niksek;Meekiaria purpurea;CENT023
Niksek;Meekiaria purpurea;CENT023
Niksek;Mellea sp. AAI1456;CENT023
Niksek;Meekiaria purpurea;CENT023
Niksek;Meekiaria purpurea;CENT023
Niksek;Meekiaria purpurea;CENT023
Niksek;Meekiaria purpurea;CENT023
Niksek;Meekiaria purpurea;CENT023
Niksek;Meekiaria purpurea;CENT023
Niksek;Meekiaria purpurea;CENT023
Niksek;Meekiaria purpurea;CENT023
Niksek;Meekiaria purpurea;CENT023
Yapsiei;Coelorhyncidia nitidalis;CENT023
Yapsiei;Meekiaria purpurea;CENT023
Yapsiei;Meekiaria purpurea;CENT023
Yapsiei;Meekiaria purpurea;CENT023
Yapsiei;Meekiaria purpurea;CENT023
Yapsiei;Coelorhyncidia nitidalis;CENT023
Yapsiei;Coelorhyncidia nitidalis;CENT023
Yapsiei;Meekiaria sp. BOLD:AAA3374;CENT023
Yapsiei;Coelorhyncidia nitidalis;CENT023
Yapsiei;Meekiaria purpurea;CENT023
Yapsiei;Meekiaria purpurea;CENT023
Yapsiei;Meekiaria sp. BOLD:AAA3374;CENT023
Yapsiei;Meekiaria purpurea;CENT023
Yapsiei;Meekiaria purpurea;CENT023
Yapsiei;Meekiaria purpurea;CENT023
Yapsiei;Coelorhyncidia nitidalis;CENT023
Yapsiei;Meekiaria purpurea;CENT023
Yapsiei;Meekiaria purpurea;CENT023
Yapsiei;Meekiaria purpurea;CENT023
Yapsiei;Choreutis lutescens;CENT023
Yapsiei;Coelorhyncidia nitidalis;CENT023
Yapsiei;Meekiaria purpurea;CENT023
Yapsiei;Meekiaria purpurea;CENT023
Niksek;Meekiaria purpurea;CENT023
Niksek;Meekiaria purpurea;CENT023
Niksek;Mellea sp. AAI1456;CENT023
Yapsiei;Rhodoneura aurata;CENT023
Yapsiei;Coelorhyncidia nitidalis;CENT023
Niksek;Meekiaria purpurea;CENT023
Yapsiei;Asota caricae;CENT023
Yapsiei;Meekiaria sp. BOLD:AAA3374;CENT023
Yapsiei;Meekiaria sp. BOLD:AAA3374;CENT023
Utai;Meekiaria sp. BOLD:AAA3374;CENT023
Utai;Talanga excelsalis;CHAL008
Wamangu;Addaea pusilla;CHAL008
Elem;Addaea pusilla;CHAL008
Elem;Addaea pusilla;CHAL008
Niksek;Choreutis basalis;CHAL008
Niksek;Addaea nr. probolopsis;CHAL008
Yapsiei;Meekiaria sp. BOLD:AAA3374;CHAL008
Utai;Dichomeris n. sp. nr. ochreoviridella;CHAL008
Yapsiei;Paraphomia disjuncta;CHAL015
Yapsiei;Paraphomia disjuncta;CHAL015
Yapsiei;Paraphomia disjuncta;CHAL015
Ohu1;Agriophara sp. AAD4602;CHEL001
Niksek;Adoxophyes tripselia;CHEL001
Ohu1;Agrotera genuflexa;CHEL001
Morox;Agrotera ignepictoides;CHEL001
Elem;Addaea pusilla;CHEL005
Elem;Addaea pusilla;CHEL005
Elem;Addaea pusilla;CHEL005
Niksek;Addaea pusilla;CHEL005
Niksek;Addaea pusilla;CHEL005
Elem;Addaea pusilla;CHEL005
Wamangu;Talanga excelsalis;CHEL005
Wamangu;Addaea pusilla;CHEL005
Wamangu;Mellea rectiviata;CHEL005
Morox;Addaea pusilla;CHEL005
Morox;Addaea pusilla;CHEL005
Wamangu;Addaea pusilla;CHEL005
Wamangu;Addaea pusilla;CHEL005
Wamangu;Addaea pusilla;CHEL005
Wamangu;Addaea pusilla;CHEL005
Wamangu;Addaea pusilla;CHEL005
Morox;Addaea pusilla;CHEL005
Morox;Addaea pusilla;CHEL005
Morox;Mellea hieroglyphica;CHEL005
Morox;Philiris sp. AAF6866;CHEL005
Morox;Dichomeris sp. XXXX068;CHEL005
Morox;Dichomeris sp. XXXX068;CHEL005
Morox;Addaea pusilla;CHEL005
Elem;Addaea pusilla;CHEL005
Niksek;Addaea pusilla;CHEL005
Niksek;Addaea pusilla;CHEL005
Niksek;Addaea pusilla;CHEL005
Yapsiei;Addaea pusilla;CHEL005
Utai;Pharambara splendida;CHEL005
Ohu2;Addaea nr. probolopsis;CHEL005
Ohu2;Dichomeris sp. XXXX068;CHEL005
Wamangu;Mellea nitida;CHEL005
Morox;Dichomeris sp. XXXX068;CHEL005
Elem;Addaea pusilla;CHEL005
Yapsiei;Cirrhochrista xanthographis;CHEL009
Ohu2;Talanga sexpunctalis complex;CHEL009
Ohu2;Talanga sexpunctalis complex;CHEL009
Ohu1;Talanga excelsalis;CHEL009
Utai;Meekiaria sp. AAA3379;CHEL010
Utai;Glyphodes margaritaria;CHEL010
Utai;Meekiaria sp. AAA3379;CHEL010
Niksek;Addaea nr. probolopsis;CHEL025
Morox;Addaea nr. probolopsis;CHEL025
Morox;Addaea nr. probolopsis;CHEL025
Morox;Addaea nr. probolopsis;CHEL025
Morox;Addaea nr. probolopsis;CHEL025
Morox;Addaea nr. probolopsis;CHEL025
Niksek;Addaea nr. probolopsis;CHEL025
Niksek;Addaea nr. probolopsis;CHEL025
Ohu2;Addaea nr. probolopsis;CHEL025
Morox;Addaea nr. probolopsis;CHEL025
Wamangu;Agrotera nr. effertalis;CHEL026
Utai;Glyphodes margaritaria;CHEL033
Wamangu;Talanga excelsalis;CHEL033
Wamangu;Talanga excelsalis;CHEL033
Wamangu;Talanga excelsalis;CHEL033
Wamangu;Talanga excelsalis;CHEL033
Wamangu;Talanga excelsalis;CHEL033
Wamangu;Talanga excelsalis;CHEL033
Wamangu;Talanga excelsalis;CHEL033
Wamangu;Talanga excelsalis;CHEL033
Wamangu;Talanga excelsalis;CHEL033
Wamangu;Talanga excelsalis;CHEL033
Elem;Talanga excelsalis;CHEL033
Elem;Talanga excelsalis;CHEL033
Elem;Talanga deliciosa;CHEL033
Niksek;Talanga sexpunctalis complex;CHEL033
Niksek;Talanga deliciosa;CHEL033
Ohu2;Talanga excelsalis;CHEL033
Ohu2;Talanga excelsalis;CHEL033
Wamangu;Talanga excelsalis;CHEL033
Wamangu;Talanga excelsalis;CHEL033
Wamangu;Talanga excelsalis;CHEL033
Utai;Pharambara splendida;CHEL034
Utai;Mellea ordinaria complex;CHEL034
Utai;Mellea ordinaria complex;CHEL034
Utai;Mellea ordinaria complex;CHEL034
Morox;Agrotera genuflexa;CHOR074
Morox;Agrotera genuflexa;CHOR074
Morox;Agrotera nr. effertalis;CHOR074
Morox;Agrotera nr. effertalis;CHOR074
Morox;Agrotera genuflexa;CHOR074
Morox;Agrotera ignepictoides;CHOR074
Morox;Agrotera nr. effertalis;CHOR074
Morox;Agrotera ignepictoides;CHOR074
Utai;Tamba kebea;CHOR074
Utai;Tamba kebea;CHOR074
Ohu2;Macarostola sp. AAI1170;CHOR074
Wamangu;Agrotera nr. effertalis;CHOR074
Morox;Agrotera genuflexa;CHOR074
Morox;Agrotera genuflexa;CHOR074
Niksek;Meekiaria purpurea;CHOR076
Niksek;Meekiaria purpurea;CHOR076
Niksek;Meekiaria purpurea;CHOR076
Niksek;Meekiaria purpurea;CHOR076
Niksek;Meekiaria purpurea;CHOR076
Niksek;Meekiaria purpurea;CHOR076
Niksek;Meekiaria purpurea;CHOR076
Niksek;Meekiaria purpurea;CHOR076
Niksek;Meekiaria purpurea;CHOR076
Niksek;Meekiaria purpurea;CHOR076
Niksek;Meekiaria purpurea;CHOR076
Niksek;Meekiaria purpurea;CHOR076
Niksek;Meekiaria purpurea;CHOR076
Niksek;Meekiaria purpurea;CHOR076
Niksek;Meekiaria purpurea;CHOR076
Niksek;Meekiaria purpurea;CHOR076
Niksek;Meekiaria purpurea;CHOR076
Niksek;Meekiaria purpurea;CHOR076
Niksek;Meekiaria purpurea;CHOR076
Niksek;Meekiaria purpurea;CHOR076
Niksek;Meekiaria purpurea;CHOR076
Niksek;Meekiaria purpurea;CHOR076
Niksek;Meekiaria purpurea;CHOR076
Niksek;Mellea sp. AAI1456;CHOR076
Niksek;Meekiaria purpurea;CHOR076
Niksek;Meekiaria purpurea;CHOR076
Niksek;Meekiaria purpurea;CHOR076
Niksek;Meekiaria purpurea;CHOR076
Niksek;Meekiaria purpurea;CHOR076
Niksek;Meekiaria purpurea;CHOR076
Niksek;Meekiaria purpurea;CHOR076
Niksek;Meekiaria purpurea;CHOR076
Niksek;Meekiaria purpurea;CHOR076
Niksek;Meekiaria purpurea;CHOR076
Niksek;Meekiaria purpurea;CHOR076
Niksek;Meekiaria purpurea;CHOR076
Niksek;Meekiaria purpurea;CHOR076
Niksek;Meekiaria purpurea;CHOR076
Niksek;Meekiaria purpurea;CHOR076
Niksek;Meekiaria purpurea;CHOR076
Niksek;Meekiaria purpurea;CHOR076
Niksek;Asota caricae;CHOR076
Niksek;Meekiaria purpurea;CHOR076
Niksek;Meekiaria purpurea;CHOR076
Yapsiei;Meekiaria sp. BOLD:AAA3374;CHOR078
Yapsiei;Meekiaria sp. BOLD:AAA3374;CHOR078
Morox;Meekiaria sp. BOLD:AAA3374;CHOR078
Morox;Meekiaria sp. BOLD:AAA3374;CHOR078
Morox;Meekiaria purpurea;CHOR078
Morox;Meekiaria sp. BOLD:AAA3374;CHOR078
Morox;Meekiaria sp. BOLD:AAA3374;CHOR078
Morox;Meekiaria purpurea;CHOR078
Morox;Meekiaria sp. BOLD:AAA3374;CHOR078
Morox;Meekiaria sp. BOLD:AAA3374;CHOR078
Morox;Coelorhyncidia nitidalis;CHOR078
Morox;Coelorhyncidia nitidalis;CHOR078
Morox;Meekiaria nigriscriptalis;CHOR078
Morox;Meekiaria sp. BOLD:AAA3374;CHOR078
Morox;Meekiaria sp. BOLD:AAA3374;CHOR078
Morox;Meekiaria purpurea;CHOR078
Morox;Coelorhyncidia nitidalis;CHOR078
Yapsiei;Meekiaria sp. BOLD:AAA3374;CHOR078
Utai;Meekiaria sp. AAA3379;CHOR078
Morox;Meekiaria purpurea;CHOR078
Morox;Coelorhyncidia nitidalis;CHOR078
Morox;Meekiaria sp. BOLD:AAA3374;CHOR078
Morox;Meekiaria sp. BOLD:AAA3374;CHOR078
Yapsiei;Meekiaria purpurea;CHOR078
Yapsiei;Meekiaria sp. BOLD:AAA3374;CHOR078
Yapsiei;Meekiaria purpurea;CHOR078
Morox;Coelorhyncidia nitidalis;CHOR078
Yapsiei;Choreutis basalis;DOLI006
Ohu2;Choreutis cf. anthorma;DOLI006
Ohu1;Choreutis cf. anthorma;DOLI006
Niksek;Choreutis lutescens;DOLI026
Niksek;Hyposidra talaca;DOLI026
Yapsiei;Talanga excelsalis;DOLI026
Yapsiei;Talanga excelsalis;DOLI026
Utai;Choreutis cf. anthorma;GLYP049
Utai;Glyphodes margaritaria;GLYP049
Utai;Choreutis cf. anthorma;GLYP049
Utai;Brenthia JR22;GLYP049
Utai;Glyphodes margaritaria;GLYP049
Ohu1;Brenthia JR34;HORM001
Ohu1;Brenthia JR34;HORM001
Ohu1;Brenthia JR62;HORM001
Ohu2;Choreutis cf. anthorma;HORM001
Ohu2;Brenthia JR54;HORM001
Ohu2;Brenthia JR37;HORM001
Utai;Dudua n. sp. nr. aprobola;ICHN058
Elem;Ophiorrhabda deceptor;ICHN058
Niksek;Choreutis basalis;ICHN058
Utai;Dudua n. sp. nr. aprobola;ICHN058
Ohu2;Ophiorrhabda deceptor;ICHN058
Niksek;Meekiaria purpurea;ICHN064
Niksek;Meekiaria purpurea;ICHN064
Niksek;Meekiaria purpurea;ICHN064
Niksek;Meekiaria purpurea;ICHN064
Niksek;Meekiaria purpurea;ICHN064
Niksek;Meekiaria purpurea;ICHN064
Niksek;Mellea sp. AAI1456;ICHN064
Niksek;Meekiaria purpurea;ICHN064
Niksek;Mellea sp. AAI1456;ICHN064
Niksek;Meekiaria purpurea;ICHN064
Niksek;Meekiaria purpurea;ICHN064
Niksek;Meekiaria purpurea;ICHN064
Niksek;Meekiaria purpurea;ICHN064
Niksek;Choreutis cf. anthorma;ICHN064
Niksek;Meekiaria purpurea;ICHN064
Niksek;Meekiaria purpurea;ICHN064
Utai;Mellea ordinaria complex;ICHN065
Utai;Mellea ordinaria complex;ICHN065
Utai;Mellea ordinaria complex;ICHN065
Utai;Mellea ordinaria complex;ICHN065
Utai;Mellea ordinaria complex;ICHN065
Utai;Mellea ordinaria complex;ICHN065
Utai;Mellea ordinaria complex;ICHN065
Utai;Mellea ordinaria complex;ICHN065
Utai;Mellea sp. AAI1456;ICHN065
Utai;Pharambara splendida;ICHN065
Utai;Mellea ordinaria complex;ICHN065
Utai;Mellea ordinaria complex;ICHN065
Utai;Mellea ordinaria complex;ICHN065
Utai;Mellea ordinaria complex;ICHN065
Morox;Talanga excelsalis;ICHN065
Yapsiei;Talanga excelsalis;ICHN065
Yapsiei;Talanga excelsalis;ICHN065
Utai;Mellea ordinaria complex;ICHN065
Utai;Talanga deliciosa;ICHN065
Elem;Meekiaria sp. BOLD:AAA3374;ICHN065
Yapsiei;Meekiaria sp. AAA3378;ICHN065
Utai;Glyphodes margaritaria;ICHN065
Utai;Glyphodes margaritaria;ICHN065
Morox;Coelorhyncidia nitidalis;ICHN067
Morox;Meekiaria purpurea;ICHN067
Morox;Meekiaria sp. BOLD:AAA3374;ICHN067
Morox;Meekiaria purpurea;ICHN067
Morox;Meekiaria purpurea;ICHN067
Morox;Coelorhyncidia nitidalis;ICHN067
Morox;Meekiaria nr. lignea;ICHN067
Morox;Meekiaria sp. BOLD:AAA3374;ICHN067
Morox;Coelorhyncidia nitidalis;ICHN067
Morox;Meekiaria sp. BOLD:AAA3374;ICHN067
Morox;Meekiaria sp. BOLD:AAA3374;ICHN067
Morox;Meekiaria sp. BOLD:AAA3374;ICHN067
Morox;Meekiaria sp. BOLD:AAA3374;ICHN067
Morox;Meekiaria sp. AAA3375;ICHN067
Niksek;Paraphomia disjuncta;ICHN068
Wanang;Paraphomia disjuncta;ICHN068
Wanang;Paraphomia disjuncta;ICHN068
Niksek;Paraphomia disjuncta;ICHN068
Niksek;Paraphomia disjuncta;ICHN068
Niksek;Paraphomia disjuncta;ICHN068
Yapsiei;Paraphomia disjuncta;ICHN068
Wanang;Paraphomia disjuncta;ICHN068
Yapsiei;Paraphomia disjuncta;ICHN068
Yapsiei;Meekiaria purpurea;ICHN071
Yapsiei;Talanga excelsalis;ICHN071
Yapsiei;Meekiaria purpurea;ICHN071
Yapsiei;Choreutis lutescens;ICHN071
Yapsiei;Meekiaria sp. BOLD:AAA3374;ICHN071
Utai;Meekiaria purpurea;ICHN071
Yapsiei;Meekiaria purpurea;ICHN071
Yapsiei;Meekiaria purpurea;ICHN071
Yapsiei;Meekiaria purpurea;ICHN071
Yapsiei;Meekiaria purpurea;ICHN071
Morox;Talanga excelsalis;ICHN071
Morox;Brenthia sp. AAI3835;ICHN074
Morox;Brenthia JR37;ICHN074
Morox;Brenthia JR37;ICHN074
Morox;Brenthia JR37;ICHN074
Morox;Brenthia JR37;ICHN074
Morox;Brenthia JR37;ICHN074
Morox;Brenthia JR37;ICHN074
Morox;Brenthia sp. AAI3835;ICHN074
Morox;Brenthia sp. AAI3835;ICHN074
Morox;Brenthia JR37;ICHN074
Morox;Brenthia JR37;ICHN074
Morox;Brenthia JR37;ICHN074
Morox;Brenthia JR37;ICHN074
Morox;Brenthia JR54;ICHN074
Morox;Brenthia JR37;ICHN074
Morox;Brenthia JR37;ICHN074
Morox;Brenthia JR37;ICHN074
Morox;Brenthia JR37;ICHN074
Morox;Brenthia JR37;ICHN074
Morox;Brenthia JR37;ICHN074
Morox;Brenthia JR54;ICHN074
Morox;Brenthia JR37;ICHN074
Morox;Brenthia JR37;ICHN074
Morox;Brenthia JR37;ICHN074
Morox;Brenthia JR62;ICHN074
Utai;Talanga excelsalis;ICHN078
Utai;Talanga excelsalis;ICHN078
Utai;Talanga excelsalis;ICHN078
Utai;Talanga excelsalis;ICHN078
Yapsiei;Dichomeris ochreoviridella;ICHN081
Utai;Glyphodes margaritaria;ICHN081
Utai;Tamba kebea;ICHN081
Utai;Tamba kebea;ICHN084
Utai;Tamba kebea;ICHN084
Niksek;Addaea pusilla;ICHN166
Niksek;Addaea pusilla;ICHN166
Niksek;Addaea pusilla;ICHN166
Niksek;Addaea pusilla;ICHN166
Yapsiei;Addaea pusilla;ICHN166
Wamangu;Cirrhochrista xanthographis;ICHN166
Niksek;Mellea ordinaria complex;ICHN167
Yapsiei;Mellea ordinaria complex;ICHN167
Yapsiei;Mellea ordinaria complex;ICHN167
Yapsiei;Mellea ordinaria complex;ICHN167
Yapsiei;Mellea ordinaria complex;ICHN167
Utai;Mellea ordinaria complex;ICHN167
Utai;Mellea ordinaria complex;ICHN167
Utai;Mellea ordinaria complex;ICHN167
Niksek;Mellea ordinaria complex;ICHN167
Yapsiei;Mellea sp. AAI1456;ICHN167
Yapsiei;Addaea pusilla;ICHN167
Utai;Choreutis cf. anthorma;ICHN167
Utai;Mellea ordinaria complex;ICHN167
Utai;Pharambara splendida;ICHN167
Niksek;Mellea sp. AAI1456;ICHN167
Yapsiei;Mellea ordinaria complex;ICHN167
Yapsiei;Mellea ordinaria complex;ICHN167
Niksek;Mellea ordinaria complex;ICHN167
Yapsiei;Meekiaria sp. BOLD:AAA3374;ICHN170
Yapsiei;Meekiaria purpurea;ICHN170
Yapsiei;Meekiaria purpurea;ICHN170
Yapsiei;Choreutis lutescens;ICHN170
Yapsiei;Coelorhyncidia nitidalis;ICHN170
Yapsiei;Coelorhyncidia nitidalis;ICHN170
Yapsiei;Meekiaria sp. BOLD:AAA3374;ICHN170
Utai;Meekiaria purpurea;ICHN194
Utai;Meekiaria purpurea;ICHN194
Utai;Meekiaria sp. BOLD:AAA3374;ICHN194
Utai;Meekiaria sp. BOLD:AAA3374;ICHN194
Utai;Coelorhyncidia nitidalis;ICHN194
Morox;Xenothictis gnetivora;ICHN198
Wanang;Xenothictis gnetivora;ICHN198
Wanang;Xenothictis gnetivora;ICHN198
Yapsiei;Idiophantis n. sp. AAB7064;ICHN198
Ohu1;Mellea ordinaria complex;MICR013
Ohu1;Mellea nitida;MICR013
Ohu2;Mellea nitida;MICR013
Ohu1;Mellea nitida;MICR013
Ohu1;Mellea ordinaria complex;MICR013
Ohu1;Mellea ordinaria complex;MICR013
Ohu1;Mellea nitida;MICR013
Ohu1;Jodis albifusa;MICR013
Ohu2;Mellea nitida;MICR013
Ohu1;Dichomeris sp. XXXX068;MICR013
Wanang;Choreutis basalis;MICR014
Wanang;Mellea ordinaria complex;MICR014
Wanang;Choreutis cf. anthorma;MICR014
Wanang;Choreutis cf. anthorma;MICR014
Wanang;Choreutis cf. anthorma;MICR014
Elem;Choreutis cf. anthorma;MICR014
Elem;Choreutis cf. anthorma;MICR014
Elem;Choreutis cf. anthorma;MICR014
Elem;Choreutis basalis;MICR014
Elem;Choreutis basalis;MICR014
Elem;Choreutis cf. anthorma;MICR014
Elem;Choreutis cf. anthorma;MICR014
Elem;Choreutis basalis;MICR014
Elem;Choreutis cf. anthorma;MICR014
Elem;Choreutis cf. anthorma;MICR014
Ohu2;Choreutis cf. anthorma;MICR014
Ohu2;Choreutis cf. anthorma;MICR014
Ohu1;Choreutis cf. anthorma;MICR014
Ohu1;Choreutis cf. anthorma;MICR014
Ohu1;Choreutis cf. anthorma;MICR014
Ohu2;Unadophanes trissomita;MICR014
Niksek;Choreutis cf. anthorma;MICR014
Niksek;Choreutis basalis;MICR014
Niksek;Choreutis basalis;MICR014
Niksek;Choreutis basalis;MICR014
Niksek;Choreutis cf. anthorma;MICR014
Niksek;Choreutis JR5;MICR014
Niksek;Choreutis JR5;MICR014
Niksek;Choreutis basalis;MICR014
Utai;Choreutis cf. anthorma;MICR014
Utai;Choreutis cf. anthorma;MICR014
Utai;Choreutis cf. anthorma;MICR014
Utai;Choreutis cf. anthorma;MICR014
Utai;Choreutis basalis;MICR014
Utai;Choreutis cf. anthorma;MICR014
Utai;Choreutis cf. anthorma;MICR014
Utai;Choreutis cf. anthorma;MICR014
Utai;Choreutis cf. anthorma;MICR014
Utai;Choreutis cf. anthorma;MICR014
Utai;Choreutis cf. anthorma;MICR014
Utai;Choreutis cf. anthorma;MICR014
Utai;Choreutis cf. anthorma;MICR014
Utai;Choreutis basalis;MICR014
Ohu2;Choreutis cf. anthorma;MICR014
Ohu2;Choreutis cf. anthorma;MICR014
Ohu2;Choreutis cf. anthorma;MICR014
Ohu2;Choreutis cf. anthorma;MICR014
Ohu2;Choreutis cf. anthorma;MICR014
Ohu2;Choreutis cf. anthorma;MICR014
Ohu2;Choreutis cf. anthorma;MICR014
Ohu2;Choreutis cf. anthorma;MICR014
Ohu2;Choreutis cf. anthorma;MICR014
Ohu2;Choreutis cf. anthorma;MICR014
Ohu2;Choreutis cf. anthorma;MICR014
Ohu2;Choreutis cf. anthorma;MICR014
Ohu2;Choreutis cf. anthorma;MICR014
Ohu2;Choreutis cf. anthorma;MICR014
Ohu1;Choreutis cf. anthorma;MICR014
Ohu2;Choreutis cf. anthorma;MICR014
Ohu2;Choreutis cf. anthorma;MICR014
Ohu2;Choreutis cf. anthorma;MICR014
Ohu2;Choreutis cf. anthorma;MICR014
Ohu1;Choreutis cf. anthorma;MICR014
Ohu1;Choreutis cf. anthorma;MICR014
Ohu1;Choreutis cf. anthorma;MICR014
Ohu1;Choreutis cf. anthorma;MICR014
Ohu1;Choreutis cf. anthorma;MICR014
Ohu1;Choreutis cf. anthorma;MICR014
Ohu1;Choreutis cf. anthorma;MICR014
Ohu1;Choreutis cf. anthorma;MICR014
Ohu1;Choreutis cf. anthorma;MICR014
Ohu1;Choreutis cf. anthorma;MICR014
Ohu1;Choreutis cf. anthorma;MICR014
Ohu1;Choreutis cf. anthorma;MICR014
Ohu1;Choreutis cf. anthorma;MICR014
Ohu1;Choreutis cf. anthorma;MICR014
Ohu1;Choreutis cf. anthorma;MICR014
Ohu1;Choreutis cf. anthorma;MICR014
Ohu1;Choreutis cf. anthorma;MICR014
Ohu1;Choreutis cf. anthorma;MICR014
Ohu1;Choreutis cf. anthorma;MICR014
Ohu1;Choreutis cf. anthorma;MICR014
Ohu1;Choreutis cf. anthorma;MICR014
Ohu1;Choreutis cf. anthorma;MICR014
Ohu1;Choreutis cf. anthorma;MICR014
Ohu1;Choreutis cf. anthorma;MICR014
Ohu1;Choreutis cf. anthorma;MICR014
Ohu1;Choreutis cf. anthorma;MICR014
Ohu1;Choreutis cf. anthorma;MICR014
Ohu1;Choreutis cf. anthorma;MICR014
Ohu1;Choreutis cf. anthorma;MICR014
Ohu1;Choreutis cf. anthorma;MICR014
Ohu1;Choreutis cf. anthorma;MICR014
Ohu1;Choreutis cf. anthorma;MICR014
Ohu1;Choreutis cf. anthorma;MICR014
Ohu1;Choreutis cf. anthorma;MICR014
Ohu1;Choreutis cf. anthorma;MICR014
Ohu1;Choreutis cf. anthorma;MICR014
Ohu1;Choreutis cf. anthorma;MICR014
Ohu1;Choreutis cf. anthorma;MICR014
Ohu1;Choreutis cf. anthorma;MICR014
Ohu1;Choreutis cf. anthorma;MICR014
Ohu1;Choreutis cf. anthorma;MICR014
Ohu1;Choreutis cf. anthorma;MICR014
Ohu1;Choreutis cf. anthorma;MICR014
Ohu2;Choreutis cf. anthorma;MICR014
Ohu2;Choreutis cf. anthorma;MICR014
Ohu1;Choreutis cf. anthorma;MICR014
Ohu2;Choreutis cf. anthorma;MICR014
Ohu2;Choreutis basalis;MICR014
Ohu2;Choreutis cf. anthorma;MICR014
Ohu2;Choreutis cf. anthorma;MICR014
Ohu2;Choreutis cf. anthorma;MICR014
Ohu2;Choreutis cf. anthorma;MICR014
Ohu1;Choreutis cf. anthorma;MICR014
Ohu1;Choreutis basalis;MICR014
Ohu1;Choreutis cf. anthorma;MICR014
Ohu1;Choreutis cf. anthorma;MICR014
Ohu1;Choreutis cf. anthorma;MICR014
Ohu1;Choreutis cf. anthorma;MICR014
Ohu1;Choreutis cf. anthorma;MICR014
Ohu1;Choreutis cf. anthorma;MICR014
Ohu1;Choreutis cf. anthorma;MICR014
Ohu1;Choreutis cf. anthorma;MICR014
Ohu1;Choreutis cf. anthorma;MICR014
Ohu1;Choreutis cf. anthorma;MICR014
Ohu1;Choreutis cf. anthorma;MICR014
Ohu1;Choreutis cf. anthorma;MICR014
Ohu1;Choreutis cf. anthorma;MICR014
Ohu1;Choreutis cf. anthorma;MICR014
Ohu1;Choreutis cf. anthorma;MICR014
Ohu1;Choreutis cf. anthorma;MICR014
Ohu1;Choreutis cf. anthorma;MICR014
Ohu1;Choreutis cf. anthorma;MICR014
Morox;Choreutis cf. anthorma;MICR014
Morox;Choreutis cf. anthorma;MICR014
Morox;Choreutis cf. anthorma;MICR014
Morox;Mellea ordinaria complex;MICR014
Ohu2;Choreutis cf. anthorma;MICR014
Yapsiei;Choreutis basalis;MICR014
Utai;Talanga sexpunctalis complex;MICR014
Utai;Glyphodes margaritaria;MICR014
Ohu1;Choreutis cf. anthorma;MICR014
Ohu1;Choreutis cf. anthorma;MICR014
Ohu1;Choreutis cf. anthorma;MICR014
Ohu1;Choreutis cf. anthorma;MICR014
Ohu1;Brenthia JR54;MICR014
Ohu1;Choreutis cf. anthorma;MICR014
Ohu1;Choreutis cf. anthorma;MICR014
Wamangu;Choreutis cf. anthorma;MICR014
Morox;Choreutis lutescens;MICR014
Morox;Choreutis cf. anthorma;MICR014
Morox;Choreutis cf. anthorma;MICR014
Wanang;Choreutis basalis;MICR014
Wanang;Choreutis cf. anthorma;MICR014
Wanang;Choreutis cf. anthorma;MICR014
Wanang;Choreutis cf. anthorma;MICR014
Wanang;Choreutis cf. anthorma;MICR014
Elem;Choreutis cf. anthorma;MICR014
Elem;Choreutis cf. anthorma;MICR014
Elem;Choreutis cf. anthorma;MICR014
Elem;Choreutis cf. anthorma;MICR014
Niksek;Brenthia JR54;MICR014
Niksek;Choreutis lutescens;MICR014
Niksek;Choreutis JR06;MICR014
Niksek;Choreutis cf. anthorma;MICR014
Niksek;Choreutis JR5;MICR014
Niksek;Choreutis basalis;MICR014
Utai;Choreutis basalis;MICR014
Utai;Choreutis cf. anthorma;MICR014
Utai;Choreutis cf. anthorma;MICR014
Ohu1;Choreutis cf. anthorma;MICR014
Ohu1;Choreutis cf. anthorma;MICR014
Ohu1;Choreutis cf. anthorma;MICR014
Ohu2;Choreutis basalis;MICR014
Ohu1;Choreutis cf. anthorma;MICR014
Ohu1;Choreutis cf. anthorma;MICR014
Ohu2;Choreutis lutescens;MICR014
Ohu2;Choreutis cf. anthorma;MICR014
Ohu2;Choreutis cf. anthorma;MICR014
Ohu2;Choreutis cf. anthorma;MICR014
Ohu1;Brenthia JR54;MICR014
Wamangu;Choreutis cf. anthorma;MICR014
Ohu2;Unadophanes trissomita;MICR031
Ohu1;Unadophanes trissomita;MICR031
Ohu1;Unadophanes trissomita;MICR031
Ohu1;Unadophanes trissomita;MICR031
Ohu1;Unadophanes trissomita;MICR031
Ohu1;Unadophanes trissomita;MICR031
Ohu1;Unadophanes trissomita;MICR031
Ohu1;Unadophanes trissomita;MICR031
Ohu1;Unadophanes trissomita;MICR031
Ohu2;Unadophanes trissomita;MICR031
Wamangu;Unadophanes trissomita;MICR031
Morox;Unadophanes trissomita;MICR031
Morox;Mellea nitida;MICR031
Utai;Unadophanes trissomita;MICR031
Elem;Unadophanes trissomita;MICR031
Elem;Unadophanes trissomita;MICR031
Niksek;Unadophanes trissomita;MICR031
Utai;Unadophanes trissomita;MICR031
Ohu1;Dichomeris sp. XXXX068;MICR031
Ohu1;Unadophanes trissomita;MICR031
Ohu1;Unadophanes trissomita;MICR031
Wamangu;Unadophanes trissomita;MICR031
Wamangu;Brenthia JR22;MICR031
Morox;Unadophanes trissomita;MICR031
Morox;Dichomeris sp. XXXX068;MICR031
Morox;Unadophanes trissomita;MICR031
Niksek;Addaea nr. probolopsis;MICR034
Niksek;Addaea nr. probolopsis;MICR034
Niksek;Addaea nr. probolopsis;MICR034
Niksek;Addaea pusilla;MICR034
Morox;Orthaga nr. percnodes;MICR037
Ohu2;Orthaga nr. percnodes;MICR037
Morox;Orthaga nr. percnodes;MICR037
Morox;Agrotera ignepictoides;MICR037
Elem;Brenthia JR34;MICR038
Elem;Brenthia JR54;MICR038
Elem;Brenthia JR62;MICR038
Elem;Brenthia JR62;MICR038
Elem;Choreutis lutescens;MICR038
Elem;Brenthia JR54;MICR038
Elem;Brenthia JR54;MICR038
Elem;Brenthia JR54;MICR038
Elem;Brenthia JR54;MICR038
Elem;Brenthia JR54;MICR038
Elem;Brenthia JR54;MICR038
Elem;Brenthia JR32;MICR038
Elem;Brenthia JR54;MICR038
Elem;Brenthia JR54;MICR038
Elem;Brenthia JR54;MICR038
Elem;Brenthia JR54;MICR038
Elem;Brenthia JR54;MICR038
Elem;Brenthia JR54;MICR038
Elem;Brenthia JR54;MICR038
Elem;Brenthia JR54;MICR038
Elem;Brenthia JR32;MICR038
Elem;Brenthia JR54;MICR038
Elem;Brenthia JR54;MICR038
Elem;Brenthia JR54;MICR038
Elem;Brenthia JR54;MICR038
Yapsiei;Brenthia JR62;MICR038
Yapsiei;Choreutis basalis;MICR038
Ohu2;Brenthia JR54;MICR038
Ohu2;Brenthia JR54;MICR038
Ohu2;Brenthia JR54;MICR038
Ohu2;Brenthia JR54;MICR038
Ohu2;Brenthia JR54;MICR038
Ohu2;Brenthia JR54;MICR038
Ohu2;Brenthia JR54;MICR038
Ohu2;Brenthia JR32;MICR038
Ohu2;Brenthia JR54;MICR038
Ohu2;Brenthia JR54;MICR038
Ohu2;Brenthia JR54;MICR038
Ohu2;Brenthia JR54;MICR038
Ohu2;Brenthia JR54;MICR038
Ohu2;Brenthia JR54;MICR038
Ohu2;Brenthia sp. AAC1202;MICR038
Ohu2;Brenthia JR54;MICR038
Ohu2;Brenthia JR32;MICR038
Ohu2;Brenthia JR54;MICR038
Ohu2;Brenthia JR54;MICR038
Ohu2;Brenthia JR54;MICR038
Ohu2;Brenthia JR54;MICR038
Ohu2;Brenthia JR54;MICR038
Ohu1;Brenthia JR54;MICR038
Ohu1;Brenthia JR54;MICR038
Ohu1;Brenthia JR32;MICR038
Ohu1;Brenthia JR54;MICR038
Ohu1;Brenthia JR54;MICR038
Ohu1;Brenthia JR54;MICR038
Ohu1;Brenthia JR54;MICR038
Ohu1;Brenthia JR54;MICR038
Ohu1;Brenthia JR54;MICR038
Ohu1;Brenthia JR54;MICR038
Ohu2;Brenthia JR54;MICR038
Ohu1;Choreutis JR5;MICR038
Ohu1;Brenthia JR54;MICR038
Ohu1;Brenthia JR54;MICR038
Ohu1;Brenthia JR54;MICR038
Ohu1;Brenthia JR54;MICR038
Ohu1;Brenthia JR54;MICR038
Ohu2;Brenthia JR54;MICR038
Ohu1;Choreutis JR5;MICR038
Ohu1;Choreutis JR5;MICR038
Ohu1;Brenthia JR54;MICR038
Ohu1;Brenthia JR54;MICR038
Ohu1;Brenthia JR54;MICR038
Ohu1;Brenthia JR54;MICR038
Ohu1;Choreutis JR06;MICR038
Ohu1;Choreutis JR5;MICR038
Ohu1;Choreutis JR5;MICR038
Ohu1;Brenthia JR54;MICR038
Ohu1;Brenthia JR54;MICR038
Ohu1;Brenthia JR54;MICR038
Ohu1;Brenthia JR54;MICR038
Ohu1;Brenthia JR54;MICR038
Ohu1;Brenthia sp. AAC1202;MICR038
Ohu1;Brenthia JR54;MICR038
Ohu1;Brenthia JR54;MICR038
Ohu1;Brenthia sp. AAC1202;MICR038
Ohu1;Brenthia JR54;MICR038
Ohu1;Brenthia JR54;MICR038
Ohu1;Brenthia JR54;MICR038
Ohu1;Brenthia JR32;MICR038
Ohu1;Brenthia JR54;MICR038
Ohu2;Brenthia JR54;MICR038
Ohu2;Brenthia JR54;MICR038
Ohu2;Brenthia JR54;MICR038
Ohu2;Brenthia JR54;MICR038
Ohu2;Brenthia JR54;MICR038
Ohu2;Brenthia JR54;MICR038
Ohu2;Brenthia JR32;MICR038
Ohu2;Brenthia JR32;MICR038
Ohu2;Brenthia JR32;MICR038
Ohu2;Brenthia JR54;MICR038
Ohu2;Brenthia JR54;MICR038
Ohu2;Brenthia JR54;MICR038
Ohu2;Brenthia sp. AAC1202;MICR038
Ohu2;Brenthia sp. AAC1202;MICR038
Ohu2;Brenthia JR32;MICR038
Ohu2;Brenthia JR54;MICR038
Ohu2;Brenthia JR32;MICR038
Ohu2;Brenthia JR54;MICR038
Ohu2;Brenthia JR32;MICR038
Ohu2;Brenthia JR54;MICR038
Ohu2;Brenthia JR54;MICR038
Ohu2;Brenthia JR54;MICR038
Ohu2;Brenthia JR54;MICR038
Ohu2;Brenthia JR62;MICR038
Ohu1;Brenthia JR54;MICR038
Ohu1;Brenthia JR54;MICR038
Ohu1;Brenthia JR34;MICR038
Ohu1;Brenthia JR32;MICR038
Ohu1;Brenthia JR54;MICR038
Ohu1;Brenthia JR32;MICR038
Ohu1;Brenthia JR54;MICR038
Ohu1;Brenthia JR32;MICR038
Ohu1;Brenthia JR32;MICR038
Ohu1;Brenthia sp. AAC1202;MICR038
Ohu1;Brenthia JR54;MICR038
Ohu1;Brenthia JR54;MICR038
Ohu1;Brenthia sp. AAC1202;MICR038
Ohu1;Brenthia JR54;MICR038
Ohu2;Brenthia JR54;MICR038
Elem;Brenthia JR54;MICR038
Elem;Brenthia JR54;MICR038
Elem;Brenthia JR54;MICR038
Elem;Brenthia JR32;MICR038
Elem;Brenthia JR54;MICR038
Yapsiei;Brenthia JR62;MICR038
Ohu1;Choreutis JR5;MICR038
Elem;Brenthia JR54;MICR038
Elem;Brenthia JR62;MICR038
Elem;Brenthia JR54;MICR038
Niksek;Choreutis cf. anthorma;MICR038
Niksek;Brenthia JR54;MICR038
Yapsiei;Brenthia JR62;MICR038
Yapsiei;Brenthia JR62;MICR038
Utai;Choreutis basalis;MICR038
Ohu2;Brenthia JR54;MICR038
Ohu2;Brenthia JR54;MICR038
Ohu2;Brenthia JR54;MICR038
Ohu1;Brenthia JR54;MICR038
Ohu1;Brenthia JR54;MICR038
Ohu1;Choreutis JR5;MICR038
Ohu1;Choreutis JR06;MICR038
Ohu2;Brenthia JR54;MICR038
Ohu2;Brenthia JR54;MICR038
Ohu2;Brenthia JR62;MICR038
Ohu2;Brenthia JR54;MICR038
Ohu2;Brenthia JR54;MICR038
Ohu1;Brenthia JR32;MICR038
Ohu1;Brenthia JR32;MICR038
Ohu1;Brenthia JR32;MICR038
Ohu1;Brenthia JR54;MICR038
Wamangu;Choreutis cf. anthorma;MICR038
Morox;Brenthia JR62;MICR038
Morox;Brenthia JR62;MICR038
Morox;Brenthia JR54;MICR038
Ohu2;Brenthia JR34;MICR038
Elem;Brenthia JR54;MICR038
Ohu2;Talanga polyzonalis;MICR051
Ohu2;Talanga polyzonalis;MICR051
Ohu2;Talanga polyzonalis;MICR051
Ohu2;Homona mermerodes;MICR069
Ohu2;Ophiorrhabda deceptor;MICR069
Ohu2;Adoxophyes thoracica;MICR069
Ohu2;Ophiorrhabda deceptor;MICR069
Ohu1;Ophiorrhabda deceptor;MICR069
Ohu2;Adoxophyes thoracica;MICR069
Ohu2;Adoxophyes n. sp. nr. orana;MICR069
Morox;Agrotera nr. effertalis;MICR069
Morox;Ophiorrhabda deceptor;MICR069
Elem;Ophiorrhabda deceptor;MICR069
Ohu2;Adoxophyes templana complex;MICR069
Ohu2;Dudua n. sp. nr. aprobola;MICR069
Ohu2;Ophiorrhabda deceptor;MICR069
Ohu2;Loboschiza sp. AAI1072;MICR069
Ohu1;Tamba kebea;MICR069
Ohu1;Brenthia sp. AAF6821;MICR084
Ohu1;Brenthia sp. AAL5584;MICR084
Ohu1;Brenthia JR22;MICR084
Ohu1;Brenthia JR22;MICR084
Ohu2;Brenthia sp. AAF6821;MICR084
Ohu1;Brenthia JR22;MICR084
Ohu2;Brenthia JR22;MICR084
Ohu2;Brenthia JR22;MICR084
Ohu2;Talanga excelsalis;MICR088
Ohu2;Talanga excelsalis;MICR088
Ohu1;Talanga excelsalis;MICR088
Ohu1;Talanga excelsalis;MICR088
Ohu1;Talanga excelsalis;MICR088
Ohu2;Dichomeris sp. XXXX068;MICR101
Ohu2;Dichomeris sp. XXXX068;MICR101
Ohu1;Brenthia JR37;MICR101
Ohu1;Dichomeris sp. XXXX068;MICR101
Ohu1;Dichomeris sp. XXXX068;MICR101
Ohu1;Dichomeris sp. XXXX068;MICR101
Ohu1;Dichomeris sp. XXXX068;MICR101
Ohu1;Dichomeris sp. XXXX068;MICR101
Ohu1;Dichomeris sp. XXXX068;MICR101
Ohu1;Dichomeris sp. XXXX068;MICR101
Ohu1;Brenthia JR37;MICR101
Ohu1;Choreutis cf. anthorma;MICR101
Ohu2;Brenthia JR37;MICR101
Ohu2;Brenthia JR37;MICR101
Ohu2;Dichomeris sp. XXXX068;MICR101
Ohu1;Dichomeris sp. XXXX068;MICR101
Ohu1;Choreutis cf. anthorma;MICR101
Ohu1;Choreutis cf. anthorma;MICR101
Ohu1;Choreutis lutescens;MICR101
Ohu1;Chamaita pr. metamelaena;MICR101
Ohu2;Brenthia JR37;MICR101
Ohu2;Brenthia JR37;MICR101
Ohu2;Choreutis cf. anthorma;MICR101
Ohu1;Choreutis cf. anthorma;MICR101
Ohu1;Dichomeris sp. XXXX068;MICR103
Ohu1;Dichomeris sp. XXXX068;MICR103
Ohu1;Dichomeris sp. XXXX068;MICR103
Ohu2;Dichomeris sp. XXXX068;MICR103
Ohu1;Dichomeris sp. XXXX068;MICR103
Ohu1;Dichomeris sp. XXXX068;MICR103
Morox;Unadophanes trissomita;MICR103
Utai;Tamba kebea;MICR169
Utai;Tamba kebea;MICR169
Utai;Tamba kebea;MICR169
Utai;Tamba kebea;MICR169
Utai;Tamba kebea;MICR169
Utai;Tamba kebea;MICR169
Utai;Tamba kebea;MICR169
Utai;Tamba kebea;MICR169
Utai;Tamba kebea;MICR169
Utai;Tamba kebea;MICR169
Utai;Tamba kebea;MICR169
Utai;Tamba kebea;MICR169
Utai;Tamba kebea;MICR169
Utai;Tamba kebea;MICR169
Utai;Tamba kebea;MICR169
Utai;Tamba kebea;MICR169
Utai;Tamba kebea;MICR169
Utai;Tamba kebea;MICR169
Utai;Tamba kebea;MICR169
Utai;Tamba kebea;MICR169
Utai;Tamba kebea;MICR169
Utai;Tamba kebea;MICR169
Utai;Tamba kebea;MICR169
Utai;Tamba kebea;MICR169
Utai;Tamba kebea;MICR169
Utai;Tamba kebea;MICR169
Yapsiei;Dichomeris n. sp. nr. ochreoviridella;MICR170
Yapsiei;Dichomeris n. sp. nr. ochreoviridella;MICR170
Yapsiei;Dichomeris n. sp. nr. ochreoviridella;MICR170
Yapsiei;Dichomeris ochreoviridella;MICR170
Yapsiei;Dichomeris ochreoviridella;MICR170
Yapsiei;Dichomeris n. sp. nr. ochreoviridella;MICR170
Yapsiei;Mellea ramifera;MICR170
Yapsiei;Dichomeris ochreoviridella;MICR170
Yapsiei;Dichomeris ochreoviridella;MICR170
Yapsiei;Dichomeris n. sp. nr. ochreoviridella;MICR170
Yapsiei;Dichomeris n. sp. nr. ochreoviridella;MICR170
Yapsiei;Dichomeris ochreoviridella;MICR170
Yapsiei;Dichomeris n. sp. nr. ochreoviridella;MICR170
Yapsiei;Dichomeris ochreoviridella;MICR170
Yapsiei;Dichomeris ochreoviridella;MICR170
Yapsiei;Dichomeris ochreoviridella;MICR170
Yapsiei;Dichomeris n. sp. nr. ochreoviridella;MICR170
Yapsiei;Dichomeris n. sp. nr. ochreoviridella;MICR170
Yapsiei;Dichomeris n. sp. nr. ochreoviridella;MICR170
Yapsiei;Dichomeris n. sp. nr. ochreoviridella;MICR170
Yapsiei;Dichomeris ochreoviridella;MICR170
Yapsiei;Mellea ramifera;MICR170
Yapsiei;Dichomeris n. sp. nr. ochreoviridella;MICR170
Utai;Dichomeris ochreoviridella;MICR170
Utai;Dichomeris n. sp. nr. ochreoviridella;MICR170
Utai;Dichomeris n. sp. nr. ochreoviridella;MICR170
Utai;Dichomeris n. sp. nr. ochreoviridella;MICR170
Utai;Dichomeris n. sp. nr. ochreoviridella;MICR170
Utai;Dichomeris n. sp. nr. ochreoviridella;MICR170
Utai;Dichomeris n. sp. nr. ochreoviridella;MICR170
Utai;Dichomeris n. sp. nr. ochreoviridella;MICR170
Utai;Dichomeris n. sp. nr. ochreoviridella;MICR170
Utai;Dichomeris n. sp. nr. ochreoviridella;MICR170
Utai;Dichomeris n. sp. nr. ochreoviridella;MICR170
Utai;Dichomeris sp. XXXX120;MICR170
Utai;Rhodoneura aurata;MICR170
Utai;Dichomeris n. sp. nr. ochreoviridella;MICR170
Utai;Dichomeris n. sp. nr. ochreoviridella;MICR170
Yapsiei;Dichomeris ochreoviridella;MICR170
Yapsiei;Mellea ramifera;MICR170
Yapsiei;Dichomeris ochreoviridella;MICR170
Utai;Brenthia JR22;MICR170
Utai;Dichomeris n. sp. nr. ochreoviridella;MICR170
Utai;Dichomeris n. sp. nr. ochreoviridella;MICR170
Utai;Dichomeris sp. XXXX120;MICR170
Utai;Dichomeris sp. XXXX120;MICR170
Wanang;Mellea sp. 1 nr. ordinaria;MICR170
Elem;Dichomeris n. sp. nr. ochreoviridella;MICR170
Niksek;Dichomeris sp. XXXX120;MICR170
Morox;Dichomeris n. sp. nr. ochreoviridella;MICR170
Elem;Dichomeris n. sp. nr. ochreoviridella;MICR170a
Niksek;Dichomeris n. sp. nr. ochreoviridella;MICR170a
Niksek;Dichomeris sp. XXXX120;MICR170a
Niksek;Dichomeris sp. XXXX120;MICR170a
Yapsiei;Dichomeris n. sp. nr. ochreoviridella;MICR170a
Yapsiei;Meekiaria purpurea;MICR172
Yapsiei;Meekiaria sp. BOLD:AAA3374;MICR172
Utai;Meekiaria sp. BOLD:AAA3374;MICR172
Yapsiei;Meekiaria purpurea;MICR172
Yapsiei;Coelorhyncidia nitidalis;MICR172
Yapsiei;Meekiaria sp. BOLD:AAA3374;MICR172
Utai;Meekiaria sp. BOLD:AAA3374;MICR172
Elem;Brenthia JR62;MICR173
Morox;Mellea nitida;MICR173
Morox;Unadophanes trissomita;MICR173
Utai;Tamba kebea;MICR173
Yapsiei;CopromorphidaeGEN sp. AAG3732;MICR174
Morox;Orthaga nr. percnodes;MICR174
Morox;Agrotera genuflexa;MICR174
Wanang;Choreutis lutescens;MICR174
Elem;Dichomeris n. sp. nr. ochreoviridella;MICR174
Niksek;Talanga sexpunctalis complex;MICR174
Niksek;Talanga sexpunctalis complex;MICR174
Yapsiei;Brenthia JR54;MICR174
Yapsiei;Brenthia JR39;MICR174
Yapsiei;Choreutis basalis;MICR174
Utai;Choreutis cf. anthorma;MICR174
Utai;Talanga excelsalis;MICR174
Wamangu;CopromorphidaeGEN sp. AAG3732;MICR174
Wamangu;Choreutis cf. anthorma;MICR174
Morox;Choreutis lutescens;MICR174
Yapsiei;Brenthia JR39;MICR174
Utai;Glyphodes margaritaria;MICR175
Utai;Glyphodes margaritaria;MICR175
Utai;Glyphodes margaritaria;MICR175
Utai;Choreutis cf. anthorma;MICR175
Utai;Glyphodes margaritaria;MICR175
Utai;Glyphodes margaritaria;MICR175
Utai;Glyphodes margaritaria;MICR175
Utai;Glyphodes margaritaria;MICR175
Utai;Talanga deliciosa;MICR175
Utai;Glyphodes margaritaria;MICR175
Utai;Glyphodes margaritaria;MICR175
Utai;Glyphodes margaritaria;MICR175
Utai;Talanga deliciosa;MICR175
Niksek;Talanga excelsalis;MICR176
Niksek;Talanga excelsalis;MICR176
Niksek;Talanga excelsalis;MICR176
Niksek;Talanga excelsalis;MICR176
Niksek;Talanga excelsalis;MICR176
Niksek;Talanga excelsalis;MICR176
Niksek;Talanga excelsalis;MICR176
Niksek;Talanga excelsalis;MICR176
Niksek;Choreutis cf. anthorma;MICR176
Niksek;Hyposidra incomptaria;MICR176
Niksek;Talanga excelsalis;MICR176
Niksek;Talanga excelsalis;MICR176
Yapsiei;Talanga excelsalis;MICR176
Yapsiei;Talanga excelsalis;MICR176
Yapsiei;Talanga excelsalis;MICR176
Yapsiei;Talanga excelsalis;MICR176
Yapsiei;Talanga excelsalis;MICR176
Yapsiei;Talanga excelsalis;MICR176
Yapsiei;Talanga excelsalis;MICR176
Yapsiei;Talanga excelsalis;MICR176
Utai;Glyphodes margaritaria;MICR176
Utai;Glyphodes margaritaria;MICR176
Wamangu;Choreutis lutescens;MICR176
Niksek;Talanga excelsalis;MICR176
Niksek;Talanga excelsalis;MICR176
Yapsiei;Talanga excelsalis;MICR176
Wamangu;Talanga excelsalis;MICR176
Niksek;Choreutis lutescens;MICR177
Niksek;Choreutis lutescens;MICR177
Niksek;Choreutis lutescens;MICR177
Niksek;Choreutis lutescens;MICR177
Morox;Choreutis lutescens;MICR177
Morox;Choreutis lutescens;MICR177
Morox;Choreutis lutescens;MICR177
Elem;Brenthia JR54;MICR181
Elem;Brenthia JR34;MICR181
Elem;Brenthia JR34;MICR181
Morox;Agrotera ignepictoides;MICR184
Morox;Agrotera ignepictoides;MICR184
Morox;Agrotera genuflexa;MICR184
Morox;Agrotera ignepictoides;MICR184
Morox;Ophyx crinipes;MICR184
Morox;Agrotera genuflexa;MICR184
Utai;Lista carniola;MICR187
Yapsiei;Dichomeris n. sp. nr. ochreoviridella;MICR187
Yapsiei;Macrothyma sanguinolenta;MICR187
Wamangu;Adoxophyes n. sp. nr. orana;MICR187
Wamangu;Unadophanes trissomita;MICR187
Morox;Addaea nr. probolopsis;MICR187
Morox;Mellea nitida;MICR187
Morox;Unadophanes trissomita;MICR187
Ohu1;Meekiaria sp. BOLD:AAA3374;MICR231
Ohu1;Meekiaria sp. BOLD:AAA3374;MICR231
Ohu1;Meekiaria purpurea;MICR231
Ohu1;Meekiaria sp. BOLD:AAA3374;MICR231
Ohu1;Meekiaria sp. AAA3378;MICR231
Ohu1;Coelorhyncidia nitidalis;MICR231
Ohu2;Choreutis JR5;MICR232
Ohu1;Brenthia JR54;MICR232
Ohu2;Brenthia JR34;MICR232
Ohu1;Brenthia sp. AAC1202;MICR232
Utai;Ophiorrhabda deceptor;MICR237
Elem;Adoxophyes tripselia;MICR237
Utai;Dudua n. sp. nr. aprobola;MICR237
Elem;Talanga excelsalis;MICR238
Elem;Brenthia sp. AAC1206;MICR238
Elem;Talanga excelsalis;MICR238
Elem;Talanga excelsalis;MICR238
Elem;Talanga excelsalis;MICR238
Elem;Talanga excelsalis;MICR238
Elem;Choreutis cf. anthorma;MICR238
Elem;Brenthia JR54;MICR238
Elem;Brenthia JR34;MICR238
Elem;Talanga excelsalis;MICR238
Elem;Brenthia sp. AAC1206;MICR238
Elem;Brenthia JR34;MICR238
Elem;Choreutis cf. anthorma;MICR238
Elem;Brenthia sp. AAC1206;MICR238
Elem;Brenthia JR34;MICR238
Niksek;Choreutis cf. anthorma;MICR238
Niksek;Choreutis cf. anthorma;MICR238
Niksek;Choreutis cf. anthorma;MICR238
Niksek;Choreutis cf. anthorma;MICR238
Niksek;Choreutis cf. anthorma;MICR238
Niksek;Choreutis cf. anthorma;MICR238
Niksek;Choreutis basalis;MICR238
Niksek;Choreutis cf. anthorma;MICR238
Niksek;Choreutis lutescens;MICR238
Niksek;Choreutis cf. anthorma;MICR238
Niksek;Choreutis basalis;MICR238
Niksek;Choreutis cf. anthorma;MICR238
Niksek;Choreutis cf. anthorma;MICR238
Niksek;Choreutis cf. anthorma;MICR238
Niksek;Talanga excelsalis;MICR238
Niksek;Choreutis cf. anthorma;MICR238
Niksek;Choreutis basalis;MICR238
Niksek;Choreutis cf. anthorma;MICR238
Niksek;Choreutis cf. anthorma;MICR238
Niksek;Choreutis cf. anthorma;MICR238
Niksek;Choreutis cf. anthorma;MICR238
Niksek;Choreutis cf. anthorma;MICR238
Niksek;Choreutis cf. anthorma;MICR238
Niksek;Choreutis cf. anthorma;MICR238
Niksek;Talanga excelsalis;MICR238
Niksek;Choreutis cf. anthorma;MICR238
Niksek;Choreutis basalis;MICR238
Niksek;Choreutis cf. anthorma;MICR238
Niksek;Choreutis basalis;MICR238
Niksek;Choreutis basalis;MICR238
Niksek;Choreutis cf. anthorma;MICR238
Niksek;Choreutis cf. anthorma;MICR238
Niksek;Choreutis basalis;MICR238
Niksek;Choreutis cf. anthorma;MICR238
Niksek;Choreutis cf. anthorma;MICR238
Niksek;Choreutis cf. anthorma;MICR238
Niksek;Choreutis cf. anthorma;MICR238
Niksek;Choreutis cf. anthorma;MICR238
Niksek;Choreutis basalis;MICR238
Niksek;Choreutis basalis;MICR238
Niksek;Choreutis basalis;MICR238
Niksek;Choreutis cf. anthorma;MICR238
Niksek;Choreutis cf. anthorma;MICR238
Niksek;Choreutis basalis;MICR238
Niksek;Choreutis basalis;MICR238
Niksek;Choreutis cf. anthorma;MICR238
Niksek;Choreutis cf. anthorma;MICR238
Niksek;Choreutis cf. anthorma;MICR238
Utai;Glyphodes margaritaria;MICR238
Utai;Glyphodes margaritaria;MICR238
Utai;Glyphodes margaritaria;MICR238
Utai;Glyphodes margaritaria;MICR238
Utai;Glyphodes margaritaria;MICR238
Utai;Glyphodes margaritaria;MICR238
Utai;Glyphodes margaritaria;MICR238
Utai;Glyphodes margaritaria;MICR238
Utai;Glyphodes margaritaria;MICR238
Utai;Glyphodes margaritaria;MICR238
Utai;Glyphodes margaritaria;MICR238
Utai;Glyphodes margaritaria;MICR238
Utai;Glyphodes margaritaria;MICR238
Utai;Glyphodes margaritaria;MICR238
Utai;Glyphodes margaritaria;MICR238
Utai;Glyphodes margaritaria;MICR238
Utai;Glyphodes margaritaria;MICR238
Utai;Glyphodes margaritaria;MICR238
Utai;Glyphodes margaritaria;MICR238
Utai;Glyphodes margaritaria;MICR238
Utai;Glyphodes margaritaria;MICR238
Utai;Glyphodes margaritaria;MICR238
Utai;Glyphodes margaritaria;MICR238
Utai;Glyphodes margaritaria;MICR238
Utai;Glyphodes margaritaria;MICR238
Utai;Glyphodes margaritaria;MICR238
Utai;Talanga deliciosa;MICR238
Utai;Glyphodes margaritaria;MICR238
Utai;Glyphodes margaritaria;MICR238
Utai;Glyphodes margaritaria;MICR238
Utai;Glyphodes margaritaria;MICR238
Utai;Glyphodes margaritaria;MICR238
Utai;Glyphodes margaritaria;MICR238
Utai;Glyphodes margaritaria;MICR238
Utai;Glyphodes margaritaria;MICR238
Utai;Glyphodes margaritaria;MICR238
Utai;Glyphodes margaritaria;MICR238
Utai;Glyphodes margaritaria;MICR238
Utai;Glyphodes margaritaria;MICR238
Utai;Glyphodes margaritaria;MICR238
Utai;Glyphodes margaritaria;MICR238
Utai;Choreutis basalis;MICR238
Utai;Glyphodes margaritaria;MICR238
Utai;Talanga deliciosa;MICR238
Utai;Glyphodes margaritaria;MICR238
Utai;Glyphodes margaritaria;MICR238
Utai;Glyphodes margaritaria;MICR238
Utai;Choreutis cf. anthorma;MICR238
Utai;Glyphodes margaritaria;MICR238
Utai;Glyphodes margaritaria;MICR238
Utai;Glyphodes margaritaria;MICR238
Utai;Glyphodes margaritaria;MICR238
Utai;Glyphodes margaritaria;MICR238
Wamangu;Choreutis lutescens;MICR238
Wamangu;Talanga excelsalis;MICR238
Wamangu;Talanga excelsalis;MICR238
Wamangu;Glyphodes margaritaria;MICR238
Wamangu;Glyphodes margaritaria;MICR238
Wamangu;Glyphodes margaritaria;MICR238
Morox;Choreutis lutescens;MICR238
Morox;Choreutis lutescens;MICR238
Morox;Talanga excelsalis;MICR238
Morox;Talanga excelsalis;MICR238
Morox;Brenthia JR37;MICR238
Morox;Brenthia JR37;MICR238
Morox;Brenthia JR37;MICR238
Morox;Choreutis lutescens;MICR238
Morox;Choreutis lutescens;MICR238
Morox;Choreutis lutescens;MICR238
Morox;Brenthia JR37;MICR238
Morox;Brenthia JR37;MICR238
Morox;Brenthia JR37;MICR238
Morox;Choreutis lutescens;MICR238
Morox;Brenthia JR37;MICR238
Morox;Brenthia JR37;MICR238
Morox;Brenthia JR37;MICR238
Morox;Brenthia JR37;MICR238
Elem;Choreutis cf. anthorma;MICR238
Utai;Dichomeris n. sp. nr. ochreoviridella;MICR238
Wamangu;Talanga excelsalis;MICR238
Wamangu;Talanga excelsalis;MICR238
Elem;Talanga excelsalis;MICR238
Elem;Talanga excelsalis;MICR238
Elem;Choreutis lutescens;MICR238
Elem;Talanga excelsalis;MICR238
Elem;Brenthia JR54;MICR238
Elem;Brenthia JR34;MICR238
Elem;Brenthia JR34;MICR238
Elem;Brenthia JR34;MICR238
Elem;Brenthia JR34;MICR238
Niksek;Choreutis basalis;MICR238
Niksek;Choreutis cf. anthorma;MICR238
Niksek;Choreutis cf. anthorma;MICR238
Yapsiei;Choreutis cf. anthorma;MICR238
Yapsiei;Choreutis basalis;MICR238
Utai;Glyphodes margaritaria;MICR238
Utai;Glyphodes margaritaria;MICR238
Utai;Glyphodes margaritaria;MICR238
Utai;Talanga excelsalis;MICR238
Wamangu;Glyphodes margaritaria;MICR238
Wamangu;Talanga deliciosa;MICR238
Morox;Brenthia JR54;MICR238
Morox;Talanga excelsalis;MICR238
Morox;Talanga excelsalis;MICR238
Morox;Talanga excelsalis;MICR238
Morox;Agrotera nr. effertalis;MICR240
Morox;Agrotera nr. effertalis;MICR240
Morox;Agrotera genuflexa;MICR240
Morox;Agrotera nr. effertalis;MICR240
Morox;Dudua n. sp. nr. aprobola;MICR240
Morox;Agrotera genuflexa;MICR240
Morox;Agrotera ignepictoides;MICR240
Morox;Agrotera genuflexa;MICR240
Morox;Dudua n. sp. nr. aprobola;MICR240
Morox;Agrotera ignepictoides;MICR240
Morox;Agrotera nr. effertalis;MICR240
Morox;Ophiorrhabda deceptor;MICR240
Morox;Dudua n. sp. nr. aprobola;MICR240
Morox;Orthaga nr. percnodes;MICR240
Morox;Dudua n. sp. nr. aprobola;MICR240
Morox;Orthaga nr. percnodes;MICR240
Yapsiei;Euploea leucostictos;MICR240
Wamangu;Ophiorrhabda deceptor;MICR240
Morox;Agrotera genuflexa;MICR240
Niksek;Talanga excelsalis;MICR243
Niksek;Choreutis JR5;MICR243
Yapsiei;Choreutis cf. anthorma;MICR243
Utai;Brenthia JR22;MICR243
Morox;Unadophanes trissomita;MICR243
Morox;Addaea pusilla;MICR272
Morox;Mellea nitida;MICR272
Morox;Addaea nr. probolopsis;MICR272
Morox;Mellea nitida;MICR272
Morox;Rhodoneura aurata;MICR272
Morox;Mellea ramifera;MICR272
Morox;Rhodoneura aurata;MICR272
Morox;Mellea nitida;MICR272
Morox;Mellea nitida;MICR272
Morox;Mellea ramifera;MICR272
Niksek;Mellea sp.near rectiviata;MICR272
Morox;Mellea nitida;MICR272
Morox;Mellea ordinaria complex;MICR272
Morox;Dichomeris sp. XXXX068;MICR272
Morox;Mellea hieroglyphica;MICR272
Morox;Rhodoneura aurata;MICR272
Niksek;Choreutis basalis;MICR289
Niksek;Choreutis cf. anthorma;MICR289
Niksek;Choreutis cf. anthorma;MICR289
Niksek;Choreutis basalis;MICR289
Utai;Glyphodes margaritaria;MICR290
Utai;Glyphodes margaritaria;MICR290
Utai;Glyphodes margaritaria;MICR290
Morox;Brenthia JR37;MICR291
Morox;Brenthia JR37;MICR291
Morox;Brenthia JR37;MICR291
Morox;Brenthia JR37;MICR291
Wamangu;Talanga deliciosa;ORGI001
Wamangu;Talanga deliciosa;ORGI001
Wamangu;Talanga deliciosa;ORGI001
Wamangu;Talanga excelsalis;ORGI001
Niksek;Talanga deliciosa;ORGI001
Wamangu;Talanga deliciosa;ORGI001
Wamangu;Talanga deliciosa;ORGI001
Ohu1;Macarostola sp. AAI1170;ORGI003
Ohu1;Macarostola sp. AAI1170;ORGI003
Ohu1;Macarostola sp. AAI1170;ORGI003
Ohu2;Macarostola sp. AAI1170;ORGI003
Ohu2;Dichomeris sp. XXXX068;ORGI004
Ohu1;Dichomeris sp. XXXX068;ORGI004
Ohu1;Dichomeris sp. XXXX068;ORGI004
Ohu1;Dichomeris sp. XXXX068;ORGI004
Ohu1;Dichomeris sp. XXXX068;ORGI004
Ohu1;Dichomeris sp. XXXX068;ORGI004
Ohu1;Dichomeris sp. XXXX068;ORGI004
Ohu1;Dichomeris sp. XXXX068;ORGI004
Ohu1;Dichomeris sp. XXXX068;ORGI004
Ohu1;Dichomeris sp. XXXX068;ORGI004
Ohu1;Dichomeris sp. XXXX068;ORGI004
Ohu1;Dichomeris sp. XXXX068;ORGI004
Ohu2;Dichomeris sp. XXXX068;ORGI004
Ohu2;Dichomeris sp. XXXX068;ORGI004
Ohu2;Dichomeris sp. XXXX068;ORGI004
Ohu2;Dichomeris sp. XXXX068;ORGI004
Ohu1;Dichomeris sp. XXXX068;ORGI004
Ohu1;Dichomeris sp. XXXX068;ORGI004
Ohu1;Dichomeris sp. XXXX068;ORGI004
Ohu1;Dichomeris sp. XXXX068;ORGI004
Ohu1;Dichomeris sp. XXXX068;ORGI004
Morox;Dichomeris sp. XXXX068;ORGI004
Morox;Dichomeris sp. XXXX068;ORGI004
Morox;Dichomeris sp. XXXX068;ORGI004
Morox;Dichomeris sp. XXXX068;ORGI004
Morox;Mellea ordinaria complex;ORGI004
Morox;Adoxophyes sp. 3;ORGI004
Morox;Dichomeris sp. XXXX068;ORGI004
Morox;Dichomeris sp. XXXX068;ORGI004
Morox;Dichomeris sp. XXXX068;ORGI004
Morox;Mellea ordinaria complex;ORGI004
Morox;Dichomeris sp. XXXX068;ORGI004
Morox;Dichomeris sp. XXXX068;ORGI004
Morox;Dichomeris sp. XXXX068;ORGI004
Elem;Dichomeris sp. XXXX068;ORGI004
Elem;Dichomeris sp. XXXX068;ORGI004
Niksek;Dichomeris ochreoviridella;ORGI004
Ohu2;Unadophanes trissomita;ORGI004
Ohu2;Dichomeris sp. XXXX068;ORGI004
Ohu1;Dichomeris sp. XXXX068;ORGI004
Ohu1;Dichomeris sp. XXXX068;ORGI004
Morox;Dichomeris sp. XXXX068;ORGI004
Morox;Mellea ordinaria complex;ORGI004
Morox;Addaea pusilla;ORGI004
Ohu1;Macarostola sp. AAI1170;ORGI017
Ohu1;Macarostola sp. AAI1170;ORGI017
Wamangu;Macarostola sp. AAI1170;ORGI017
Yapsiei;Cirrhochrista xanthographis;ORGI019
Wamangu;CopromorphidaeGEN sp. AAG0483;ORGI019
Wamangu;Piletocera sp. CRAM094;ORGI019
Yapsiei;Meekiaria sp. BOLD:AAA3374;ORGI020
Yapsiei;Meekiaria sp. BOLD:AAA3374;ORGI020
Wanang;Meekiaria sp. BOLD:AAA3374;ORGI020
Elem;Glyphodes margaritaria;ORGI034
Yapsiei;Meekiaria purpurea;ORGI034
Wamangu;Talanga excelsalis;ORGI034
Wamangu;Talanga excelsalis;ORGI034
Wamangu;Talanga excelsalis;ORGI034
Wamangu;Talanga excelsalis;ORGI034
Niksek;Glyphodes margaritaria;ORGI034
Yapsiei;Glyphodes margaritaria;ORGI034
Wamangu;Glyphodes margaritaria;ORGI034
Wamangu;Glyphodes margaritaria;ORGI034
Elem;Philiris helena;ROGA022
Elem;Philiris helena;ROGA022
Elem;Brenthia JR54;ROGA022
Utai;Philiris helena;ROGA022
Wamangu;Philiris helena;ROGA022
Elem;Brenthia JR34;ROGAb01
Elem;Talanga excelsalis;ROGAb01
Elem;Brenthia sp. AAC1206;ROGAb01
Elem;Glyphodes margaritaria;ROGAb01
Utai;Glyphodes margaritaria;ROGAb01
Utai;Talanga deliciosa;ROGAb01
Utai;Glyphodes margaritaria;ROGAb01
Utai;Glyphodes margaritaria;ROGAb01
Utai;Glyphodes margaritaria;ROGAb01
Utai;Glyphodes margaritaria;ROGAb01
Utai;Glyphodes margaritaria;ROGAb01
Utai;Talanga deliciosa;ROGAb01
Utai;Talanga deliciosa;ROGAb01
Utai;Talanga sexpunctalis complex;ROGAb01
Utai;Glyphodes margaritaria;ROGAb01
Utai;Meekiaria sp. AAA3379;ROGAb01
Utai;Meekiaria sp. AAA3379;ROGAb01
Utai;Arctornis nr. intacta 1 SEM-2008;ROGAb01
Wamangu;Talanga sexpunctalis complex;ROGAb01
Morox;Agrotera nr. effertalis;ROGAb01
Niksek;Talanga excelsalis;ROGAb01
Morox;Talanga excelsalis;ROGAb01
Morox;Talanga excelsalis;ROGAb01
Morox;Brenthia JR54;ROGAb01
Yapsiei;Asota plana;ROGAb01
Yapsiei;Asota plana;ROGAb01
Yapsiei;Asota plana;ROGAb01
Yapsiei;Asota plana;ROGAb01
Utai;Talanga deliciosa;ROGAb01
Utai;Glyphodes margaritaria;ROGAb01
Utai;Talanga deliciosa;ROGAb01
Wamangu;Glyphodes margaritaria;ROGAb01
Wanang;Glyphodes margaritaria;ROGAb01
Wamangu;Meekiaria sp. BOLD:AAA3374;ROGAb01
Yapsiei;Meekiaria purpurea;ROGAb01
Yapsiei;Meekiaria sp. BOLD:AAA3374;ROGAb01
Yapsiei;Coelorhyncidia nitidalis;ROGAb01
Morox;Dudua n. sp. nr. aprobola;ROGAb01
Morox;Brenthia JR54;ROGAb01
Wanang;Pleuroptya nr. sabinusalis;ROGAb01
Wanang;Glyphodes margaritaria;ROGAb01
Wanang;Glyphodes margaritaria;ROGAb01
Wanang;Glyphodes margaritaria;ROGAb01
Wanang;Glyphodes margaritaria;ROGAb01
Wanang;Glyphodes margaritaria;ROGAb01
Wanang;Glyphodes margaritaria;ROGAb01
Wanang;Glyphodes margaritaria;ROGAb01
Wanang;Glyphodes margaritaria;ROGAb01
Wanang;Glyphodes margaritaria;ROGAb01
Wanang;Glyphodes margaritaria;ROGAb01
Ohu2;Coelorhyncidia nitidalis;TACH001
Ohu1;Coelorhyncidia nitidalis;TACH001
Ohu2;Meekiaria sp. BOLD:AAA3374;TACH001
Ohu2;Meekiaria sp. AAA3379;TACH001
Ohu2;Meekiaria sp. BOLD:AAA3374;TACH001
Ohu2;Meekiaria sp. BOLD:AAA3374;TACH001
Ohu2;Meekiaria purpurea;TACH001
Ohu2;Meekiaria sp. BOLD:AAA3374;TACH001
Ohu2;Meekiaria purpurea;TACH001
Ohu2;Meekiaria sp. BOLD:AAA3374;TACH001
Ohu2;Meekiaria sp. BOLD:AAA3374;TACH001
Ohu2;Meekiaria sp. BOLD:AAA3374;TACH001
Ohu2;Meekiaria sp. BOLD:AAA3374;TACH001
Ohu2;Meekiaria sp. BOLD:AAA3374;TACH001
Ohu2;Meekiaria purpurea;TACH001
Ohu2;Meekiaria sp. BOLD:AAA3374;TACH001
Ohu2;Meekiaria sp. BOLD:AAA3374;TACH001
Ohu1;Coelorhyncidia nitidalis;TACH001
Ohu1;Coelorhyncidia nitidalis;TACH001
Ohu1;Meekiaria sp. BOLD:AAA3374;TACH001
Ohu1;Meekiaria sp. AAA3376;TACH001
Ohu1;Meekiaria sp. BOLD:AAA3374;TACH001
Ohu1;Meekiaria purpurea;TACH001
Ohu1;Meekiaria sp. BOLD:AAA3374;TACH001
Ohu1;Meekiaria purpurea;TACH001
Ohu1;Coelorhyncidia nitidalis;TACH001
Ohu1;Meekiaria sp. BOLD:AAA3374;TACH001
Ohu1;Meekiaria sp. BOLD:AAA3374;TACH001
Ohu1;Meekiaria sp. AAA3375;TACH001
Ohu1;Meekiaria sp. BOLD:AAA3374;TACH001
Ohu1;Meekiaria sp. BOLD:AAA3374;TACH001
Ohu1;Meekiaria sp. BOLD:AAA3374;TACH001
Ohu1;Meekiaria sp. BOLD:AAA3374;TACH001
Ohu1;Meekiaria sp. BOLD:AAA3374;TACH001
Ohu1;Meekiaria sp. BOLD:AAA3374;TACH001
Ohu1;Meekiaria sp. BOLD:AAA3374;TACH001
Ohu1;Meekiaria sp. BOLD:AAA3374;TACH001
Ohu1;Meekiaria sp. AAA3379;TACH001
Ohu1;Meekiaria sp. BOLD:AAA3374;TACH001
Ohu1;Coelorhyncidia nitidalis;TACH001
Ohu1;Meekiaria sp. BOLD:AAA3374;TACH001
Ohu1;Meekiaria sp. BOLD:AAA3374;TACH001
Ohu2;Meekiaria sp. BOLD:AAA3374;TACH001
Ohu2;Meekiaria purpurea;TACH001
Ohu1;Meekiaria sp. BOLD:AAA3374;TACH510
Ohu1;Meekiaria sp. BOLD:AAA3374;TACH001
Ohu1;Meekiaria sp. BOLD:AAA3374;TACH001
Ohu1;Meekiaria sp. BOLD:AAA3374;TACH001
Niksek;Asota caricae;TACH010
Niksek;Asota caricae;TACH010
Niksek;Asota caricae;TACH010
Niksek;Asota plana;TACH010
Niksek;Asota caricae;TACH010
Niksek;Asota caricae;TACH010
Niksek;Asota caricae;TACH010
Niksek;Asota caricae;TACH010
Niksek;Asota caricae;TACH010
Niksek;Asota caricae;TACH010
Niksek;Asota caricae;TACH010
Wamangu;Talanga excelsalis;TACH506
Wamangu;Asota eusemioides;TACH010
Wamangu;Talanga excelsalis;TACH506
Wamangu;Asota plana;TACH010
Wamangu;Asota plana;TACH010
Wamangu;Asota plana;TACH010
Wamangu;Asota plana;TACH010
Wamangu;Asota plana;TACH010
Wamangu;Asota plana;TACH010
Wamangu;Asota plana;TACH010
Wamangu;Asota caricae;TACH010
Wamangu;Asota plana;TACH010
Wamangu;Asota plana;TACH010
Wamangu;Asota plana;TACH010
Wamangu;Asota plana;TACH010
Wamangu;Asota plana;TACH010
Wamangu;Asota caricae;TACH010
Wamangu;Asota plana;TACH010
Wamangu;Asota plana;TACH010
Morox;Mellea ordinaria complex;TACH010
Niksek;Nycteola n. sp. AAB7439;TACH010
Ohu1;Talanga excelsalis;TACH506
Wamangu;Talanga excelsalis;TACH506
Wamangu;Talanga excelsalis;TACH506
Niksek;Talanga sexpunctalis complex;TACH296
Wamangu;Talanga sexpunctalis complex;TACH296
Niksek;Asota caricae;TACH010
Niksek;Asota caricae;TACH010
Niksek;Asota caricae;TACH010
Niksek;Asota plana;TACH010
Ohu2;Asota caricae;TACH010
Ohu2;Asota caricae;TACH010
Ohu2;Asota caricae;TACH010
Ohu2;Philiris moira;TACH010
Wamangu;Asota caricae;TACH010
Wamangu;Asota plana;TACH010
Wamangu;Asota plana;TACH010
Ohu2;Unadophanes trissomita;TACH014
Ohu2;Unadophanes trissomita;TACH014
Ohu2;Unadophanes trissomita;TACH014
Ohu2;Unadophanes trissomita;TACH014
Ohu2;Unadophanes trissomita;TACH014
Ohu2;Unadophanes trissomita;TACH014
Ohu2;Unadophanes trissomita;TACH014
Ohu2;Unadophanes trissomita;TACH014
Ohu2;Unadophanes trissomita;TACH014
Ohu2;Unadophanes trissomita;TACH014
Ohu2;Unadophanes trissomita;TACH014
Ohu2;Unadophanes trissomita;TACH014
Ohu2;Unadophanes trissomita;TACH014
Ohu2;Unadophanes trissomita;TACH014
Ohu2;Unadophanes trissomita;TACH014
Ohu2;Unadophanes trissomita;TACH014
Ohu2;Unadophanes trissomita;TACH014
Ohu2;Unadophanes trissomita;TACH014
Ohu2;Unadophanes trissomita;TACH014
Ohu2;Unadophanes trissomita;TACH014
Ohu2;Unadophanes trissomita;TACH014
Ohu2;Unadophanes trissomita;TACH014
Ohu1;Unadophanes trissomita;TACH014
Ohu1;Unadophanes trissomita;TACH014
Ohu1;Unadophanes trissomita;TACH014
Ohu1;Unadophanes trissomita;TACH014
Ohu1;Unadophanes trissomita;TACH014
Ohu1;Unadophanes trissomita;TACH014
Ohu1;Unadophanes trissomita;TACH014
Ohu1;Unadophanes trissomita;TACH014
Ohu1;Unadophanes trissomita;TACH014
Ohu1;Unadophanes trissomita;TACH014
Ohu1;Unadophanes trissomita;TACH014
Ohu1;Unadophanes trissomita;TACH014
Ohu1;Unadophanes trissomita;TACH014
Ohu1;Unadophanes trissomita;TACH014
Ohu1;Unadophanes trissomita;TACH014
Ohu1;Unadophanes trissomita;TACH014
Ohu1;Unadophanes trissomita;TACH014
Ohu1;Unadophanes trissomita;TACH014
Ohu1;Unadophanes trissomita;TACH014
Ohu1;Unadophanes trissomita;TACH014
Ohu2;Unadophanes trissomita;TACH014
Ohu2;Unadophanes trissomita;TACH014
Ohu2;Unadophanes trissomita;TACH014
Ohu1;Unadophanes trissomita;TACH014
Ohu2;Unadophanes trissomita;TACH014
Ohu1;Unadophanes trissomita;TACH014
Ohu2;Unadophanes trissomita;TACH014
Ohu2;Unadophanes trissomita;TACH014
Ohu2;Unadophanes trissomita;TACH014
Ohu1;Unadophanes trissomita;TACH014
Ohu1;Unadophanes trissomita;TACH014
Ohu2;Unadophanes trissomita;TACH014
Ohu1;Unadophanes trissomita;TACH014
Ohu1;Dichomeris sp. XXXX068;TACH014
Ohu1;Unadophanes trissomita;TACH014
Ohu1;Unadophanes trissomita;TACH014
Ohu1;Unadophanes trissomita;TACH014
Ohu1;Unadophanes trissomita;TACH014
Ohu2;Unadophanes trissomita;TACH014
Ohu2;Unadophanes trissomita;TACH014
Ohu1;Unadophanes trissomita;TACH014
Ohu1;Unadophanes trissomita;TACH014
Ohu2;Dichomeris sp. XXXX068;TACH014
Ohu1;Unadophanes trissomita;TACH014
Ohu1;Dichomeris sp. XXXX068;TACH014
Ohu2;Albinospila sp. AAB0430;TACH019
Ohu1;Albinospila sp. AAB0430;TACH019
Ohu1;Albinospila sp. AAB0430;TACH019
Ohu2;Albinospila sp. AAB0430;TACH019
Elem;Ophyx crinipes;TACH020
Elem;Ophyx crinipes;TACH020
Elem;Ophyx crinipes;TACH020
Elem;Ophyx crinipes;TACH020
Elem;Ophyx crinipes;TACH020
Niksek;Ophyx crinipes;TACH020
Niksek;Ophyx crinipes;TACH020
Niksek;Ophyx crinipes;TACH020
Niksek;Ophyx crinipes;TACH020
Elem;Ophyx crinipes;TACH020
Niksek;Homona mermerodes;TACH026
Yapsiei;Adoxophyes sp. 3;TACH026
Ohu2;Ophiorrhabda deceptor;TACH026
Elem;Talanga excelsalis;TACH040
Elem;Tamba kebea;TACH040
Elem;Talanga excelsalis;TACH040
Elem;Talanga excelsalis;TACH040
Elem;Talanga excelsalis;TACH040
Utai;Glyphodes margaritaria;TACH040
Elem;Talanga excelsalis;TACH040
Elem;Talanga excelsalis;TACH040
Ohu1;Talanga excelsalis;TACH040
Wamangu;Talanga excelsalis;TACH040
Wamangu;Talanga excelsalis;TACH040
Ohu2;Talanga excelsalis;TACH040
Ohu2;Talanga excelsalis;TACH040
Ohu1;Talanga excelsalis;TACH040
Wamangu;Talanga excelsalis;TACH040
Wamangu;Talanga excelsalis;TACH040
Wamangu;Talanga excelsalis;TACH040
Wamangu;Talanga excelsalis;TACH040
Wamangu;Talanga deliciosa;TACH513
Wamangu;Talanga excelsalis;TACH040
Wamangu;Talanga excelsalis;TACH040
Wamangu;Talanga excelsalis;TACH040
Wamangu;Talanga deliciosa;TACH513
Wamangu;Talanga excelsalis;TACH040
Wamangu;Talanga excelsalis;TACH040
Wamangu;Talanga excelsalis;TACH040
Wamangu;Talanga excelsalis;TACH040
Wamangu;Talanga excelsalis;TACH040
Wamangu;Talanga excelsalis;TACH040
Wamangu;Talanga excelsalis;TACH040
Morox;Talanga excelsalis;TACH040
Morox;Talanga excelsalis;TACH040
Morox;Talanga excelsalis;TACH040
Wamangu;Talanga deliciosa;TACH513
Wamangu;Talanga deliciosa;TACH513
Wamangu;Choreutis cf. anthorma;TACH513
Utai;Meekiaria purpurea;TACH510
Utai;Meekiaria purpurea;TACH510
Utai;Meekiaria sp. BOLD:AAA3374;TACH510
Elem;Talanga deliciosa;TACH511
Elem;Glyphodes margaritaria;TACH511
Niksek;Glyphodes margaritaria;TACH511
Utai;Glyphodes margaritaria;TACH511
Utai;Glyphodes margaritaria;TACH511
Utai;Glyphodes margaritaria;TACH511
Utai;Glyphodes margaritaria;TACH511
Utai;Choreutis cf. anthorma;TACH511
Wamangu;Talanga excelsalis;TACH040
Wamangu;Talanga excelsalis;TACH040
Morox;Talanga excelsalis;TACH040
Niksek;Meekiaria purpurea;TACH510
Ohu1;Talanga excelsalis;TACH040
Morox;Talanga excelsalis;TACH040
Ohu1;Choreutis cf. anthorma;TACH050
Ohu1;Choreutis cf. anthorma;TACH050
Ohu1;Choreutis cf. anthorma;TACH050
Ohu2;Choreutis JR09;TACH050
Ohu2;Choreutis JR09;TACH050
Ohu2;Choreutis cf. anthorma;TACH050
Ohu1;Choreutis cf. anthorma;TACH050
Ohu2;Choreutis cf. anthorma;TACH050
Ohu2;Choreutis cf. anthorma;TACH050
Ohu2;Choreutis cf. anthorma;TACH050
Ohu1;Choreutis cf. anthorma;TACH050
Ohu1;Choreutis cf. anthorma;TACH050
Ohu1;Choreutis cf. anthorma;TACH050
Ohu1;Choreutis cf. anthorma;TACH050
Ohu1;Choreutis cf. anthorma;TACH050
Ohu1;Choreutis cf. anthorma;TACH050
Ohu1;Choreutis cf. anthorma;TACH050
Ohu1;Choreutis cf. anthorma;TACH050
Ohu1;Choreutis cf. anthorma;TACH050
Ohu1;Choreutis cf. anthorma;TACH050
Ohu1;Choreutis cf. anthorma;TACH050
Ohu1;Choreutis cf. anthorma;TACH050
Ohu1;Choreutis cf. anthorma;TACH050
Ohu1;Choreutis cf. anthorma;TACH050
Ohu1;Choreutis cf. anthorma;TACH050
Ohu1;Choreutis cf. anthorma;TACH050
Ohu1;Choreutis cf. anthorma;TACH050
Ohu1;Choreutis cf. anthorma;TACH050
Ohu1;Asota caricae;TACH050
Ohu1;Choreutis cf. anthorma;TACH050
Ohu1;Choreutis cf. anthorma;TACH050
Ohu1;Choreutis cf. anthorma;TACH050
Ohu1;Choreutis cf. anthorma;TACH050
Ohu1;Choreutis cf. anthorma;TACH050
Ohu1;Choreutis cf. anthorma;TACH050
Ohu1;Choreutis cf. anthorma;TACH050
Ohu1;Choreutis cf. anthorma;TACH050
Ohu1;Choreutis cf. anthorma;TACH050
Ohu1;Choreutis cf. anthorma;TACH050
Ohu1;Choreutis cf. anthorma;TACH050
Ohu1;Choreutis JR09;TACH050
Ohu2;Choreutis cf. anthorma;TACH050
Ohu2;Choreutis cf. anthorma;TACH050
Ohu1;Choreutis cf. anthorma;TACH050
Ohu1;Choreutis cf. anthorma;TACH050
Ohu1;Choreutis cf. anthorma;TACH050
Ohu1;Choreutis cf. anthorma;TACH050
Ohu1;Choreutis cf. anthorma;TACH050
Ohu1;Choreutis cf. anthorma;TACH050
Ohu1;Choreutis cf. anthorma;TACH050
Ohu1;Choreutis cf. anthorma;TACH050
Ohu2;Choreutis cf. anthorma;TACH050
Ohu2;Choreutis cf. anthorma;TACH050
Ohu2;Nycteola n. sp. AAB7439;TACH050
Ohu2;Choreutis cf. anthorma;TACH050
Ohu1;Choreutis cf. anthorma;TACH050
Ohu1;Choreutis cf. anthorma;TACH050
Ohu1;Choreutis cf. anthorma;TACH050
Ohu1;Choreutis cf. anthorma;TACH050
Ohu1;Choreutis cf. anthorma;TACH050
Ohu1;Choreutis cf. anthorma;TACH050
Ohu1;Choreutis cf. anthorma;TACH050
Ohu1;Choreutis lutescens;TACH050
Ohu2;Choreutis cf. anthorma;TACH050
Ohu1;Choreutis cf. anthorma;TACH050
Ohu1;Choreutis cf. anthorma;TACH050
Ohu1;Choreutis cf. anthorma;TACH050
Ohu1;Choreutis cf. anthorma;TACH050
Ohu1;Choreutis cf. anthorma;TACH050
Ohu2;Choreutis cf. anthorma;TACH050
Ohu1;Asota caricae;TACH050
Ohu1;Choreutis cf. anthorma;TACH505
Ohu1;Asota caricae;TACH505
Ohu1;Asota caricae;TACH505
Ohu1;Asota caricae;TACH505
Ohu1;Unadophanes trissomita;TACH078
Ohu1;Choreutis cf. anthorma;TACH078
Ohu1;Choreutis cf. anthorma;TACH078
Ohu2;Asota caricae;TACH505
Ohu2;Asota caricae;TACH505
Ohu1;Asota caricae;TACH505
Ohu1;Choreutis cf. anthorma;TACH078
Ohu1;Choreutis cf. anthorma;TACH078
Niksek;Asota caricae;TACH079
Niksek;Asota caricae;TACH079
Niksek;Asota caricae;TACH079
Niksek;Asota caricae;TACH079
Niksek;Asota caricae;TACH079
Niksek;Asota caricae;TACH079
Niksek;Asota caricae;TACH079
Niksek;Asota caricae;TACH079
Niksek;Asota caricae;TACH079
Niksek;Asota caricae;TACH079
Niksek;Asota caricae;TACH079
Niksek;Asota caricae;TACH079
Niksek;Asota caricae;TACH079
Niksek;Asota caricae;TACH079
Niksek;Asota caricae;TACH079
Niksek;Asota caricae;TACH079
Niksek;Asota caricae;TACH079
Niksek;Asota caricae;TACH079
Niksek;Asota caricae;TACH079
Niksek;Asota caricae;TACH079
Niksek;Asota caricae;TACH079
Niksek;Asota caricae;TACH079
Niksek;Asota caricae;TACH079
Niksek;Asota caricae;TACH079
Niksek;Asota caricae;TACH079
Niksek;Asota caricae;TACH079
Niksek;Asota caricae;TACH079
Niksek;Asota caricae;TACH079
Niksek;Asota caricae;TACH079
Niksek;Asota caricae;TACH079
Niksek;Asota caricae;TACH079
Niksek;Asota caricae;TACH079
Niksek;Asota caricae;TACH079
Niksek;Asota caricae;TACH079
Niksek;Asota caricae;TACH079
Niksek;Asota caricae;TACH079
Niksek;Asota caricae;TACH079
Niksek;Asota caricae;TACH079
Niksek;Asota caricae;TACH079
Niksek;Asota caricae;TACH079
Niksek;Asota caricae;TACH079
Niksek;Asota caricae;TACH079
Niksek;Asota caricae;TACH079
Niksek;Asota caricae;TACH079
Niksek;Asota caricae;TACH079
Niksek;Asota caricae;TACH079
Niksek;Asota caricae;TACH079
Niksek;Asota caricae;TACH079
Niksek;Asota caricae;TACH079
Niksek;Asota caricae;TACH079
Niksek;Asota caricae;TACH079
Niksek;Asota caricae;TACH079
Niksek;Asota caricae;TACH079
Niksek;Asota caricae;TACH079
Niksek;Asota caricae;TACH079
Niksek;Asota caricae;TACH079
Niksek;Asota caricae;TACH079
Niksek;Asota caricae;TACH079
Niksek;Asota caricae;TACH079
Niksek;Asota caricae;TACH079
Niksek;Asota caricae;TACH079
Ohu1;Asota caricae;TACH079
Niksek;Asota caricae;TACH079
Niksek;Asota plana;TACH079
Niksek;Asota caricae;TACH079
Niksek;Asota plana;TACH079
Yapsiei;Asota caricae;TACH079
Yapsiei;Asota caricae;TACH079
Ohu1;Asota eusemioides;TACH079
Ohu1;Asota caricae;TACH079
Ohu1;Asota caricae;TACH079
Ohu1;Asota caricae;TACH079
Ohu1;Choreutis cf. anthorma;TACH079
Ohu1;Asota caricae;TACH079
Ohu1;Asota caricae;TACH079
Ohu2;Noctuidae sp.NOCT061;TACH090
Ohu2;Noctuidae sp.NOCT061;TACH090
Ohu2;Homona trachyptera;TACH090
Ohu2;Noctuidae sp.NOCT061;TACH090
Ohu2;OecophoridaeGEN sp. AAH7348;TACH090
Ohu2;Dichomeris ochreoviridella;TACH090
Ohu1;Philiris moira;TACH233
Ohu1;Brenthia JR32;TACH233
Ohu2;Philiris moira;TACH233
Ohu2;Jodis albifusa;TACH111
Ohu2;Lactura sp. AAI2177;TACH111
Ohu1;Lactura rhodographa;TACH111
Ohu2;Asota eusemioides;TACH113
Ohu1;Asota caricae;TACH113
Ohu1;Asota eusemioides;TACH113
Ohu1;Chora huntei;TACH113
Ohu2;Chora huntei;TACH113
Ohu2;Chrysocraspeda sp. AAB1427;TACH118
Ohu1;Chrysocraspeda sp. AAB1427;TACH118
Ohu2;Chrysocraspeda nr. inundata;TACH118
Ohu2;Chrysocraspeda sp. AAB1427;TACH118
Ohu1;Tamba kebea;TACH134
Ohu1;Tamba kebea;TACH134
Ohu1;Tamba kebea;TACH134
Yapsiei;Dichomeris ochreoviridella;TACH142
Utai;Talanga sexpunctalis complex;TACH142
Ohu2;Talanga excelsalis;TACH142
Morox;Rhodoneura aurata;TACH142
Niksek;Asota caricae;TACH142
Niksek;Mellea ordinaria complex;TACH142
Yapsiei;Mellea ordinaria complex;TACH142
Yapsiei;Mellea ramifera;TACH142
Utai;Mellea ordinaria complex;TACH142
Utai;Dichomeris n. sp. nr. ochreoviridella;TACH142
Utai;Mellea sp. THYR012;TACH142
Ohu1;Talanga sexpunctalis complex;TACH438
Ohu1;Mellea ordinaria complex;TACH438
Ohu1;Mellea ordinaria complex;TACH438
Ohu2;Pharambara splendida;TACH438
Ohu1;Arctornis nr. intacta 1 SEM-2008;TACH393
Ohu1;Choreutis cf. anthorma;TACH393
Ohu1;Arctornis nr. intacta 1 SEM-2008;TACH393
Ohu2;Mellea nitida;TACH438
Elem;Choreutis cf. anthorma;TACH227
Utai;Glyphodes margaritaria;TACH227
Utai;Choreutis cf. anthorma;TACH227
Utai;Choreutis basalis;TACH227
Niksek;Asota caricae;TACH228
Niksek;Asota caricae;TACH228
Niksek;Asota caricae;TACH228
Niksek;Asota caricae;TACH228
Niksek;Asota caricae;TACH228
Niksek;Asota caricae;TACH228
Niksek;Asota caricae;TACH228
Niksek;Asota caricae;TACH228
Niksek;Asota caricae;TACH228
Niksek;Asota caricae;TACH228
Niksek;Asota caricae;TACH228
Niksek;Asota caricae;TACH228
Niksek;Asota caricae;TACH228
Niksek;Asota caricae;TACH228
Niksek;Asota caricae;TACH228
Niksek;Asota caricae;TACH228
Niksek;Asota caricae;TACH228
Niksek;Asota caricae;TACH228
Niksek;Asota caricae;TACH228
Niksek;Asota caricae;TACH228
Niksek;Asota caricae;TACH228
Niksek;Asota caricae;TACH228
Niksek;Asota caricae;TACH228
Niksek;Asota caricae;TACH228
Niksek;Asota caricae;TACH228
Niksek;Asota caricae;TACH228
Niksek;Asota caricae;TACH228
Niksek;Asota caricae;TACH228
Niksek;Asota caricae;TACH228
Niksek;Asota caricae;TACH228
Niksek;Asota caricae;TACH228
Niksek;Asota caricae;TACH228
Niksek;Asota caricae;TACH228
Niksek;Asota caricae;TACH228
Niksek;Asota caricae;TACH228
Niksek;Asota caricae;TACH228
Niksek;Asota caricae;TACH228
Niksek;Asota caricae;TACH228
Niksek;Asota caricae;TACH228
Niksek;Asota caricae;TACH228
Niksek;Asota caricae;TACH228
Niksek;Asota caricae;TACH228
Niksek;Asota caricae;TACH228
Yapsiei;Pyrophractis isotherma;TACH228
Niksek;Asota caricae;TACH079
Yapsiei;Philiris moira;TACH233
Elem;Philiris moira;TACH233
Yapsiei;Philiris moira;TACH233
Yapsiei;Philiris moira;TACH233
Yapsiei;Philiris moira;TACH233
Wamangu;Philiris moira;TACH233
Utai;Philiris helena;TACH233
Elem;Philiris moira;TACH233
Wamangu;Philiris moira;TACH233
Wamangu;Philiris helena;TACH294
Wamangu;Philiris helena;TACH294
Morox;Arctornis nr. intacta 1 SEM-2008;TACH294
Elem;Philiris moira;TACH233
Niksek;Philiris helena;TACH294
Wanang;Jodis albifusa;TACH238
Wanang;Jodis albifusa;TACH238
Wanang;Jodis albifusa;TACH238
Ohu1;Choreutis cf. anthorma;TACH050
Utai;Choreutis cf. anthorma;TACH050
Utai;Choreutis basalis;TACH050
Utai;Choreutis cf. anthorma;TACH050
Utai;Choreutis cf. anthorma;TACH050
Utai;Choreutis basalis;TACH050
Utai;Choreutis cf. anthorma;TACH050
Utai;Choreutis cf. anthorma;TACH050
Utai;Choreutis cf. anthorma;TACH050
Utai;Choreutis basalis;TACH050
Utai;Choreutis cf. anthorma;TACH050
Utai;Choreutis cf. anthorma;TACH050
Wamangu;Choreutis cf. anthorma;TACH050
Wamangu;Choreutis cf. anthorma;TACH050
Wamangu;Choreutis cf. anthorma;TACH050
Wamangu;Choreutis cf. anthorma;TACH050
Wamangu;Choreutis lutescens;TACH050
Wamangu;Choreutis lutescens;TACH050
Wamangu;Choreutis cf. anthorma;TACH050
Wamangu;Choreutis cf. anthorma;TACH050
Wamangu;Choreutis cf. anthorma;TACH050
Wamangu;Choreutis cf. anthorma;TACH050
Wamangu;Choreutis cf. anthorma;TACH050
Wamangu;Choreutis cf. anthorma;TACH050
Wamangu;Choreutis cf. anthorma;TACH050
Wamangu;Choreutis cf. anthorma;TACH050
Wamangu;Choreutis cf. anthorma;TACH050
Wamangu;Choreutis cf. anthorma;TACH050
Wamangu;Choreutis cf. anthorma;TACH050
Wamangu;Choreutis cf. anthorma;TACH050
Wamangu;Choreutis cf. anthorma;TACH050
Wamangu;Choreutis cf. anthorma;TACH050
Wamangu;Choreutis cf. anthorma;TACH050
Wamangu;Choreutis cf. anthorma;TACH050
Wamangu;Choreutis cf. anthorma;TACH050
Wamangu;Choreutis cf. anthorma;TACH050
Wamangu;Asota caricae;TACH050
Morox;Choreutis cf. anthorma;TACH050
Morox;Mellea ramifera;TACH296
Morox;Choreutis cf. anthorma;TACH050
Morox;Choreutis cf. anthorma;TACH050
Wanang;Choreutis cf. anthorma;TACH050
Wanang;Choreutis cf. anthorma;TACH050
Morox;Choreutis lutescens;TACH244
Wamangu;Choreutis cf. anthorma;TACH050
Wamangu;Choreutis cf. anthorma;TACH050
Morox;Choreutis cf. anthorma;TACH050
Morox;Brenthia JR62;TACH050
Morox;Choreutis cf. anthorma;TACH050
Wanang;Choreutis cf. anthorma;TACH050
Wanang;Paraphomia disjuncta;TACH284
Wanang;Paraphomia disjuncta;TACH284
Wanang;Paraphomia disjuncta;TACH284
Wanang;Paraphomia disjuncta;TACH284
Wanang;Orthaga nr. percnodes;TACH284
Wanang;Paraphomia disjuncta;TACH284
Yapsiei;Dichomeris n. sp. nr. ochreoviridella;TACH285
Yapsiei;Dichomeris n. sp. nr. ochreoviridella;TACH285
Yapsiei;Dichomeris n. sp. nr. ochreoviridella;TACH285
Yapsiei;Dichomeris n. sp. nr. ochreoviridella;TACH285
Yapsiei;Dichomeris n. sp. nr. ochreoviridella;TACH285
Yapsiei;Dichomeris n. sp. nr. ochreoviridella;TACH285
Yapsiei;Dichomeris n. sp. nr. ochreoviridella;TACH285
Yapsiei;Dichomeris ochreoviridella;TACH285
Yapsiei;Dichomeris ochreoviridella;TACH285
Yapsiei;Dichomeris n. sp. nr. ochreoviridella;TACH285
Yapsiei;Dichomeris ochreoviridella;TACH285
Yapsiei;Dichomeris n. sp. nr. ochreoviridella;TACH285
Yapsiei;Dichomeris n. sp. nr. ochreoviridella;TACH285
Yapsiei;Rhodoneura aurata;TACH285
Yapsiei;Mellea sp. THYR012;TACH285
Utai;Dichomeris n. sp. nr. ochreoviridella;TACH285
Utai;Dichomeris n. sp. nr. ochreoviridella;TACH285
Utai;Mellea sp. AAI1456;TACH285
Utai;Dichomeris ochreoviridella;TACH285
Utai;Dichomeris n. sp. nr. ochreoviridella;TACH285
Utai;Dichomeris n. sp. nr. ochreoviridella;TACH285
Utai;Dichomeris n. sp. nr. ochreoviridella;TACH285
Utai;Dichomeris n. sp. nr. ochreoviridella;TACH285
Utai;Dichomeris n. sp. nr. ochreoviridella;TACH285
Wamangu;Dichomeris n. sp. nr. ochreoviridella;TACH285
Wamangu;Dichomeris n. sp. nr. ochreoviridella;TACH285
Wamangu;Pharambara splendida;TACH285
Wamangu;Dichomeris n. sp. nr. ochreoviridella;TACH285
Wamangu;Dichomeris n. sp. nr. ochreoviridella;TACH285
Yapsiei;Dichomeris n. sp. nr. ochreoviridella;TACH285
Yapsiei;Dichomeris n. sp. nr. ochreoviridella;TACH285
Yapsiei;Dichomeris ochreoviridella;TACH285
Yapsiei;Dichomeris n. sp. nr. ochreoviridella;TACH285
Utai;Dichomeris n. sp. nr. ochreoviridella;TACH285
Utai;Dichomeris n. sp. nr. ochreoviridella;TACH285
Wamangu;Dichomeris n. sp. nr. ochreoviridella;TACH285
Morox;Dichomeris n. sp. nr. ochreoviridella;TACH285
Yapsiei;Dichomeris ochreoviridella;TACH285
Yapsiei;Dichomeris ochreoviridella;TACH285
Yapsiei;Mellea ramifera;TACH285
Wamangu;Dichomeris ochreoviridella;TACH285
Morox;Dichomeris n. sp. nr. ochreoviridella;TACH285
Elem;Ophyx crinipes;TACH020
Ohu2;Philiris helena;TACH294
Ohu1;Philiris helena;TACH294
Ohu1;Philiris helena;TACH294
Ohu2;Philiris helena;TACH294
Ohu1;Philiris helena;TACH294
Wamangu;Philiris helena;TACH294
Wamangu;Philiris helena;TACH294
Wamangu;Philiris helena;TACH294
Wamangu;Philiris helena;TACH294
Wamangu;Philiris helena;TACH294
Wamangu;Philiris helena;TACH294
Wamangu;Philiris helena;TACH294
Wamangu;Philiris helena;TACH294
Wamangu;Philiris helena;TACH294
Wamangu;Philiris helena;TACH294
Wamangu;Philiris helena;TACH294
Wamangu;Philiris helena;TACH294
Wamangu;Philiris helena;TACH294
Wamangu;Philiris helena;TACH294
Wamangu;Philiris helena;TACH294
Wamangu;Philiris helena;TACH294
Wamangu;Philiris helena;TACH294
Wamangu;Philiris helena;TACH294
Wamangu;Philiris helena;TACH294
Wamangu;Philiris helena;TACH294
Wamangu;Philiris helena;TACH294
Wamangu;Philiris helena;TACH294
Wamangu;Philiris helena;TACH294
Morox;Philiris sp. AAF6866;TACH294
Ohu2;Ophyx crinipes;TACH020
Ohu1;Ophyx crinipes;TACH020
Wanang;Philiris helena;TACH294
Elem;Philiris helena;TACH294
Niksek;Philiris helena;TACH294
Yapsiei;Philiris helena;TACH294
Utai;Philiris helena;TACH294
Utai;Philiris helena;TACH294
Utai;Philiris helena;TACH294
Utai;Philiris helena;TACH294
Ohu1;Philiris helena;TACH294
Ohu2;Philiris moira;TACH294
Ohu1;Philiris helena;TACH294
Wamangu;Philiris helena;TACH294
Wamangu;Philiris helena;TACH294
Wamangu;Philiris helena;TACH294
Wamangu;Philiris helena;TACH294
Wamangu;Dichomeris sp. XXXX068;TACH294
Wamangu;Philiris helena;TACH294
Morox;Philiris helena;TACH294
Morox;Dichomeris n. sp. nr. ochreoviridella;TACH294
Morox;Philiris sp. AAF6866;TACH294
Wanang;Philiris helena;TACH294
Morox;Philiris helena;TACH294
Niksek;Asota caricae;TACH296
Utai;Mellea sp. AAI1456;TACH296
Wamangu;Asota plana;TACH296
Morox;Mellea ramifera;TACH296
Morox;Mellea hieroglyphica;TACH296
Morox;Mellea hieroglyphica;TACH296
Yapsiei;Mellea ramifera;TACH296
Utai;Mellea ordinaria complex;TACH296
Utai;Pharambara splendida;TACH296
Wamangu;Mellea rectiviata;TACH296
Wamangu;Mellea ramifera;TACH296
Wamangu;Mellea ramifera;TACH296
Morox;Mellea ramifera;TACH296
Morox;Talanga excelsalis;TACH296
Ohu1;Talanga sexpunctalis complex;TACH296
Morox;Mellea ramifera;TACH296
Wanang;Choreutis cf. anthorma;TACH050
Wanang;Choreutis basalis;TACH050
Wanang;Choreutis cf. anthorma;TACH050
Wanang;Choreutis cf. anthorma;TACH050
Wanang;Choreutis cf. anthorma;TACH050
Wanang;Choreutis cf. anthorma;TACH050
Wanang;Choreutis cf. anthorma;TACH050
Wanang;Choreutis cf. anthorma;TACH050
Wanang;Choreutis cf. anthorma;TACH050
Wanang;Choreutis cf. anthorma;TACH050
Wanang;Choreutis cf. anthorma;TACH050
Niksek;Brenthia JR54;TACH050
Niksek;Choreutis cf. anthorma;TACH050
Niksek;Choreutis basalis;TACH050
Niksek;Choreutis basalis;TACH050
Wamangu;Choreutis cf. anthorma;TACH050
Wamangu;Choreutis cf. anthorma;TACH050
Morox;Choreutis lutescens;TACH050
Morox;Choreutis cf. anthorma;TACH050
Morox;Choreutis cf. anthorma;TACH244
Morox;Choreutis cf. anthorma;TACH050
Wanang;Choreutis cf. anthorma;TACH050
Elem;Choreutis cf. anthorma;TACH050
Elem;Choreutis cf. anthorma;TACH050
Wanang;Choreutis cf. anthorma;TACH050
Wanang;Choreutis basalis;TACH050
Wanang;Choreutis cf. anthorma;TACH050
Niksek;Choreutis cf. anthorma;TACH050
Niksek;Choreutis cf. anthorma;TACH050
Utai;Choreutis cf. anthorma;TACH050
Utai;Talanga deliciosa;TACH050
Utai;Choreutis cf. anthorma;TACH050
Utai;Choreutis cf. anthorma;TACH050
Wamangu;Choreutis chi;TACH050
Wamangu;Choreutis cf. anthorma;TACH050
Wamangu;Choreutis cf. anthorma;TACH050
Wamangu;Choreutis cf. anthorma;TACH050
Wamangu;Choreutis cf. anthorma;TACH050
Wamangu;Talanga deliciosa;TACH050
Wanang;Choreutis cf. anthorma;TACH050
Elem;Choreutis basalis;TACH050
Wanang;Choreutis cf. anthorma;TACH050
Wanang;Choreutis cf. anthorma;TACH050
Niksek;Choreutis basalis;TACH050
Wamangu;Glyphodes margaritaria;TACH050
Wamangu;Choreutis lutescens;TACH050
Niksek;Addaea nr. probolopsis;TACH364
Niksek;Addaea nr. probolopsis;TACH364
Niksek;Addaea nr. probolopsis;TACH364
Morox;Addaea nr. probolopsis;TACH364
Wamangu;Piletocera sp. CRAM094;TACH364
Wamangu;Meekiaria purpurea;TACH001
Wamangu;Meekiaria purpurea;TACH001
Wamangu;Meekiaria sp. BOLD:AAA3374;TACH001
Wamangu;Coelorhyncidia nitidalis;TACH001
Wamangu;Meekiaria sp. BOLD:AAA3374;TACH001
Wamangu;Meekiaria sp. BOLD:AAA3374;TACH001
Wamangu;Meekiaria sp. CRAM151;TACH001
Wamangu;Macroglossum melas pullius;TACH001
Wamangu;Meekiaria sp. BOLD:AAA3374;TACH001
Wamangu;Meekiaria sp. BOLD:AAA3374;TACH001
Wamangu;Meekiaria purpurea;TACH001
Wamangu;Meekiaria sp. AAA3379;TACH001
Wamangu;Meekiaria sp. BOLD:AAA3374;TACH001
Wamangu;Meekiaria sp. BOLD:AAA3374;TACH001
Wamangu;Meekiaria sp. BOLD:AAA3374;TACH001
Wamangu;Meekiaria sp. BOLD:AAA3374;TACH001
Wamangu;Meekiaria sp. BOLD:AAA3374;TACH001
Morox;Coelorhyncidia nitidalis;TACH001
Wamangu;Macroglossum melas pullius;TACH001
Morox;Meekiaria purpurea;TACH001
Morox;Meekiaria purpurea;TACH001
Morox;Meekiaria sp. BOLD:AAA3374;TACH001
Wamangu;Coelorhyncidia nitidalis;TACH366
Wamangu;Meekiaria sp. BOLD:AAA3374;TACH366
Wanang;Agrotera genuflexa;TACH366
Yapsiei;Choreutis lutescens;TACH366
Wamangu;Coelorhyncidia nitidalis;TACH366
Morox;Coelorhyncidia nitidalis;TACH366
Wamangu;Unadophanes trissomita;TACH014
Wamangu;Unadophanes trissomita;TACH014
Wamangu;Unadophanes trissomita;TACH014
Wamangu;Unadophanes trissomita;TACH014
Wamangu;Unadophanes trissomita;TACH014
Wamangu;Dichomeris sp. XXXX120;TACH014
Wamangu;Unadophanes trissomita;TACH014
Wamangu;Unadophanes trissomita;TACH014
Niksek;Addaea nr. probolopsis;TACH364
Wanang;Choreutis basalis;TACH050
Wamangu;CopromorphidaeGEN sp. AAG0483;TACH364
Elem;Tamba kebea;TACH134
Elem;Tamba kebea;TACH134
Niksek;Mellea sp.near rectiviata;TACH079
Utai;Tamba kebea;TACH134
Utai;Tamba kebea;TACH134
Utai;Tamba kebea;TACH134
Utai;Tamba kebea;TACH134
Utai;Tamba kebea;TACH134
Utai;Tamba kebea;TACH134
Utai;Tamba kebea;TACH134
Utai;Tamba kebea;TACH134
Utai;Tamba kebea;TACH134
Utai;Tamba kebea;TACH134
Utai;Tamba kebea;TACH134
Utai;Tamba kebea;TACH134
Utai;Tamba kebea;TACH134
Morox;Meekiaria sp. BOLD:AAA3374;TACH134
Elem;Geometridae sp.GEOM056;TACH134
Elem;Mecistoptera sophiewagnerae;TACH134
Elem;Tamba kebea;TACH134
Niksek;Meekiaria purpurea;TACH134
Utai;Tamba kebea;TACH134
Utai;Tamba kebea;TACH134
Utai;Tamba kebea;TACH134
Utai;Tamba kebea;TACH134
Utai;Tamba kebea;TACH134
Wamangu;Tamba kebea;TACH134
Morox;Tamba kebea;TACH134
Niksek;Meekiaria purpurea;TACH079
Niksek;Mellea sp.near rectiviata;TACH079
Elem;Tamba kebea;TACH134
Wanang;Meekiaria sp. BOLD:AAA3374;TACH366
Morox;Talanga excelsalis;TACH438
Wamangu;Asota eusemioides;TACH010
Elem;Choreutis cf. anthorma;TACH050
Niksek;Choreutis basalis;TACH050
Wamangu;Choreutis cf. anthorma;TACH050
Wamangu;Choreutis cf. anthorma;TACH050
Morox;Choreutis cf. anthorma;TACH050
Niksek;Addaea pusilla;TACH285
Niksek;Dichomeris sp. XXXX120;TACH393
Niksek;Arctornis nr. intacta 3 SEM-2008;TACH393
Morox;Mellea hieroglyphica;TACH393
Morox;Arctornis nr. intacta 1 SEM-2008;TACH393
Morox;Mellea nitida;TACH393
Morox;Arctornis nr. intacta 1 SEM-2008;TACH393
Morox;Arctornis nr. intacta 3 SEM-2008;TACH393
Morox;Arctornis nr. intacta 1 SEM-2008;TACH393
Morox;Dichomeris sp. XXXX068;TACH393
Morox;Dichomeris sp. XXXX068;TACH393
Morox;Arctornis nr. intacta 1 SEM-2008;TACH393
Morox;Arctornis nr. intacta 1 SEM-2008;TACH393
Morox;Mellea hieroglyphica;TACH393
Morox;Philiris sp. AAF6866;TACH393
Yapsiei;Dichomeris sp. AAB2697;TACH294
Niksek;Addaea pusilla;TACH364
Utai;Choreutis cf. anthorma;TACH405
Utai;Talanga excelsalis;TACH405
Utai;Talanga excelsalis;TACH405
Morox;Talanga excelsalis;TACH405
Niksek;Asota caricae;TACH516
Niksek;Mellea ordinaria complex;TACH516
Utai;Coelorhyncidia nitidalis;TACH516
Elem;Talanga excelsalis;TACH405
Utai;Choreutis cf. anthorma;TACH405
Utai;Glyphodes margaritaria;TACH405
Utai;Glyphodes margaritaria;TACH405
Utai;Glyphodes margaritaria;TACH405
Utai;Talanga deliciosa;TACH405
Utai;Glyphodes margaritaria;TACH405
Utai;Talanga excelsalis;TACH405
Morox;Talanga excelsalis;TACH405
Morox;Choreutis lutescens;TACH405
Niksek;Meekiaria purpurea;TACH405
Morox;Talanga excelsalis;TACH405
Wanang;Meekiaria sp. BOLD:AAA3374;TACH366
Yapsiei;Glyphodes margaritaria;TACH040
Wanang;Asota caricae;TACH505
Yapsiei;Coelorhyncidia nitidalis;TACH079
Niksek;Addaea pusilla;TACH285
Niksek;Meekiaria purpurea;TACH510
Utai;Meekiaria sp. BOLD:AAA3374;TACH510
Elem;Mellea nitida;TACH438
Wanang;Mellea ordinaria complex;TACH438
Niksek;Asota caricae;TACH438
Elem;Mellea sp. AAI1456;TACH438
Wanang;Pharambara splendida;TACH438
Wanang;Mellea sp. 1 nr. ordinaria;TACH438
Wanang;Mellea sp. THYR012;TACH438
Niksek;Mellea sp.near rectiviata;TACH438
Yapsiei;Mellea sp. THYR012;TACH438
Yapsiei;Mellea sp. AAI1457;TACH438
Yapsiei;Pharambara splendida;TACH438
Yapsiei;Mellea ramifera;TACH438
Yapsiei;Mellea nitida;TACH438
Yapsiei;Dichomeris n. sp. nr. ochreoviridella;TACH438
Wamangu;Rhodoneura aurata;TACH438
Wamangu;Pharambara splendida;TACH438
Wamangu;Rhodoneura aurata;TACH438
Wamangu;Pharambara splendida;TACH438
Wamangu;Mellea sp. 1 nr. ordinaria;TACH438
Wamangu;Mellea nitida;TACH438
Wamangu;Mellea ramifera;TACH438
Morox;Arctornis nr. intacta 1 SEM-2008;TACH438
Morox;Mellea sp. AAI1460;TACH438
Elem;Mellea nitida;TACH438
Niksek;Asota caricae;TACH438
Niksek;Asota caricae;TACH505
Niksek;Asota caricae;TACH505
Niksek;Asota caricae;TACH505
Niksek;Asota caricae;TACH505
Morox;Addaea pusilla;TACH438
Morox;Mellea ramifera;TACH438
Morox;Mellea ramifera;TACH438
Wanang;Mellea sp. 1 nr. ordinaria;TACH438
Wanang;Mellea ramifera;TACH438
Niksek;Asota caricae;TACH438
Yapsiei;Mellea sp. 1 nr. ordinaria;TACH438
Yapsiei;Mellea nitida;TACH438
Yapsiei;Dichomeris n. sp. nr. ochreoviridella;TACH438
Yapsiei;Dichomeris n. sp. nr. ochreoviridella;TACH438
Utai;Dichomeris n. sp. nr. ochreoviridella;TACH438
Utai;Dichomeris n. sp. nr. ochreoviridella;TACH438
Utai;Dichomeris n. sp. nr. ochreoviridella;TACH438
Utai;Rhodoneura aurata;TACH438
Utai;Rhodoneura aurata;TACH438
Utai;Ophyx crinipes;TACH438
Utai;Rhodoneura aurata;TACH438
Wamangu;Rhodoneura aurata;TACH438
Wamangu;Mellea rectiviata;TACH438
Wamangu;Mellea rectiviata;TACH438
Morox;Mellea sp. THYR012;TACH438
Morox;Pharambara splendida;TACH438
Morox;Rhodoneura aurata;TACH438
Morox;Rhodoneura aurata;TACH438
Morox;Mellea ramifera;TACH438
Morox;Mellea hieroglyphica;TACH438
Utai;Rhodoneura aurata;TACH438
Niksek;Asota caricae;TACH505
Niksek;Asota caricae;TACH505
Wanang;Asota plana;TACH505
Niksek;Asota caricae;TACH505
Morox;Rhodoneura aurata;TACH505
Niksek;Paraphomia disjuncta;TACH505
Wanang;Asota plana;TACH505
Yapsiei;Asota caricae;TACH505
Niksek;Asota caricae;TACH505
Niksek;Asota caricae;TACH505
Niksek;Asota caricae;TACH505
Niksek;Asota caricae;TACH505
Niksek;Asota caricae;TACH505
Niksek;Asota caricae;TACH505
Niksek;Asota caricae;TACH505
Niksek;Asota plana;TACH505
Niksek;Asota caricae;TACH505
Niksek;Asota caricae;TACH505
Yapsiei;Asota caricae;TACH505
Yapsiei;Mellea ramifera;TACH438
Elem;Choreutis cf. anthorma;TACH227
Elem;Choreutis cf. anthorma;TACH227
Elem;Choreutis cf. anthorma;TACH227
Utai;Choreutis basalis;TACH227
Utai;Choreutis cf. anthorma;TACH227
Wamangu;Choreutis cf. anthorma;TACH227
Morox;Mellea hieroglyphica;TACH227
Niksek;Talanga sexpunctalis complex;TACH469
Elem;Choreutis cf. anthorma;TACH227
Utai;Choreutis basalis;TACH227
Wamangu;Choreutis cf. anthorma;TACH227
Wamangu;Choreutis cf. anthorma;TACH227
Wanang;Choreutis basalis;TACH227
Utai;Mellea ordinaria complex;TACH469
Wamangu;Pharambara splendida;TACH469
Yapsiei;Choreutis cf. anthorma;TACH227
Elem;Choreutis cf. anthorma;TACH227
Wamangu;Talanga excelsalis;TACH506
Wamangu;Talanga excelsalis;TACH506
Niksek;Asota caricae;TACH228
Morox;Mellea ramifera;TACH296
Utai;Rhodoneura aurata;TACH438
Utai;Philiris helena;TACH294
Niksek;Arctornis nr. intacta 3 SEM-2008;TACH393