Species;num_localities;num_loc_no_para;mean_num_localities;mean_num_no_para_loc;group
Addaea nr. probolopsis;1,4;7,6;1,2;7,8;PAR
Addaea pusilla;1,6;7,4;1,5;7,5;PAR
Adoxophyes n. sp. nr. orana;1,0;8,0;1,0;8,0;PAR
Adoxophyes sp. 3;1,0;8,0;1,0;8,0;PAR
Adoxophyes templana complex;1,0;8,0;1,0;8,0;PAR
Adoxophyes thoracica;1,0;8,0;1,0;8,0;PAR
Adoxophyes tripselia;1,0;8,0;1,0;8,0;PAR
Agriophara sp. AAD4602;1,0;8,0;1,0;8,0;PAR
Agrotera genuflexa;1,0;8,0;1,0;8,0;PAR
Agrotera ignepictoides;1,0;8,0;1,0;8,0;PAR
Agrotera nr. effertalis;1,1;7,9;1,1;7,9;PAR
Albinospila sp. AAB0430;1,5;7,5;1,4;7,6;PAR
Arctornis nr. intacta 1 SEM-2008;1,1;7,9;1,1;7,9;PAR
Arctornis nr. intacta 2 SEM-2008;1,0;8,0;1,0;8,0;PAR
Arctornis nr. intacta 3 SEM-2008;1,5;7,5;1,3;7,7;PAR
Artaxa sp. AAD5374;1,0;8,0;1,0;8,0;PAR
Asota caricae;1,6;7,4;1,5;7,5;PAR
Asota eusemioides;1,3;7,7;1,2;7,8;PAR
Asota plana;1,4;7,6;1,3;7,7;PAR
Brenthia JR22;1,1;7,9;1,1;7,9;PAR
Brenthia JR32;1,7;7,3;1,7;7,3;PAR
Brenthia JR34;1,2;7,8;1,1;7,9;PAR
Brenthia JR37;1,6;7,4;1,5;7,5;PAR
Brenthia JR39;1,3;7,7;1,2;7,8;PAR
Brenthia JR54;1,3;7,7;1,2;7,8;PAR
Brenthia JR62;1,4;7,6;1,4;7,6;PAR
Brenthia sp. AAC1202;1,5;7,5;1,5;7,5;PAR
Brenthia sp. AAC1206;1,0;8,0;1,0;8,0;PAR
Brenthia sp. AAF6821;1,5;7,5;1,2;7,8;PAR
Brenthia sp. AAI3833;1,0;8,0;1,0;8,0;PAR
Brenthia sp. AAI3835;1,0;8,0;1,0;8,0;PAR
Brenthia sp. AAL5584;1,0;8,0;1,0;8,0;PAR
Cangetta cf. rectilinea;1,0;8,0;1,0;8,0;PAR
Cirrhochrista xanthographis;1,0;8,0;1,0;8,0;PAR
Coelorhyncidia nitidalis;1,4;7,6;1,3;7,7;PAR
CopromorphidaeGEN sp. AAG0483;1,0;8,0;1,0;8,0;PAR
CopromorphidaeGEN sp. AAG3732;2,0;7,0;1,6;7,4;PAR
Dichomeris n. sp. nr. ochreoviridella;1,8;7,2;1,6;7,4;PAR
Dichomeris ochreoviridella;1,4;7,6;1,3;7,8;PAR
Dichomeris sp. AAB2697;1,0;8,0;1,0;8,0;PAR
Dichomeris sp. XXXX068;1,5;7,6;1,3;7,7;PAR
Dichomeris sp. XXXX120;1,2;7,8;1,1;7,9;PAR
Dizuga recusataria;1,0;8,0;1,0;8,0;PAR
Dudua n. sp. nr. aprobola;1,0;8,0;1,0;8,0;PAR
Euploea leucostictos;1,0;8,0;1,0;8,0;PAR
Gauna phaealis;1,0;8,0;1,0;8,0;PAR
Gauna sp. AAF4890;1,0;8,0;1,0;8,0;PAR
Geometridae sp.GEOM056;1,0;8,0;1,0;8,0;PAR
Glyphodes margaritaria;1,5;7,5;1,4;7,6;PAR
Holocola n. sp. AAC7734;1,0;8,0;1,0;8,0;PAR
Homona mermerodes;1,0;8,0;1,0;8,0;PAR
Homona trachyptera;1,0;8,0;1,0;8,0;PAR
Hyposidra incomptaria;1,0;8,0;1,0;8,0;PAR
Hyposidra talaca;1,0;8,0;1,0;8,0;PAR
Chamaita pr. metamelaena;1,0;8,0;1,0;8,0;PAR
Chora huntei;2,0;7,0;1,5;7,5;PAR
Choreutis basalis;2,0;7,0;1,7;7,3;PAR
Choreutis cf. anthorma;1,6;7,4;1,5;7,5;PAR
Choreutis chi;1,0;8,0;1,0;8,0;PAR
Choreutis JR06;1,0;8,0;1,0;8,0;PAR
Choreutis JR09;1,3;7,8;1,1;7,9;PAR
Choreutis JR2;1,0;8,0;1,0;8,0;PAR
Choreutis JR5;1,4;7,6;1,2;7,8;PAR
Choreutis lutescens;1,7;7,3;1,5;7,5;PAR
Chrysocraspeda nr. inundata;1,0;8,0;1,0;8,0;PAR
Chrysocraspeda sp. AAB1427;2,0;7,0;1,5;7,5;PAR
Chrysocraspeda sp. AAC8547;1,0;8,0;1,0;8,0;PAR
Idiophantis n. sp. AAB7063;1,0;8,0;1,0;8,0;PAR
Idiophantis n. sp. AAB7064;1,0;8,0;1,0;8,0;PAR
Jodis albifusa;1,0;8,0;1,0;8,0;PAR
Lactura rhodographa;1,0;8,0;1,0;8,0;PAR
Lactura sp. AAI2177;1,0;8,0;1,0;8,0;PAR
Lambula sp. USNM5;1,0;8,0;1,0;8,0;PAR
Limacodidae sp.LIMA007;1,0;8,0;1,0;8,0;PAR
Lista carniola;1,0;8,0;1,0;8,0;PAR
Loboschiza sp. AAI1072;1,0;8,0;1,0;8,0;PAR
Lymantriidae sp.LYMA045;1,0;8,0;1,0;8,0;PAR
Macarostola sp. AAI1170;1,7;7,3;1,4;7,6;PAR
Macroglossum melas pullius;1,0;8,0;1,0;8,0;PAR
Macrothyma sanguinolenta;1,0;8,0;1,0;8,0;PAR
Mecistoptera n. sp. AAB6947;1,0;8,0;1,0;8,0;PAR
Mecistoptera sophiewagnerae;1,0;8,0;1,0;8,0;PAR
Meekiaria nigriscriptalis;1,0;8,0;1,0;8,0;PAR
Meekiaria nr. lignea;1,0;8,0;1,0;8,0;PAR
Meekiaria purpurea;1,5;7,5;1,3;7,7;PAR
Meekiaria sp. AAA3375;1,0;8,0;1,0;8,0;PAR
Meekiaria sp. AAA3376;1,0;8,0;1,0;8,0;PAR
Meekiaria sp. AAA3378;1,0;8,0;1,0;8,0;PAR
Meekiaria sp. AAA3379;1,3;7,7;1,1;7,9;PAR
Meekiaria sp. AAA3380;1,0;8,0;1,0;8,0;PAR
Meekiaria sp. BOLD:AAA3374;1,7;7,3;1,5;7,5;PAR
Meekiaria sp. CRAM151;1,0;8,0;1,0;8,0;PAR
Mellea hieroglyphica;1,0;8,0;1,0;8,0;PAR
Mellea nitida;1,9;7,1;1,6;7,4;PAR
Mellea ordinaria complex;1,6;7,4;1,4;7,6;PAR
Mellea ramifera;2,0;7,0;1,7;7,3;PAR
Mellea rectiviata;1,0;8,0;1,0;8,0;PAR
Mellea sp. 1 nr. ordinaria;1,4;7,6;1,2;7,8;PAR
Mellea sp. AAI1456;1,1;7,9;1,1;7,9;PAR
Mellea sp. AAI1457;1,0;8,0;1,0;8,0;PAR
Mellea sp. AAI1460;1,0;8,0;1,0;8,0;PAR
Mellea sp. AAI1461;1,0;8,0;1,0;8,0;PAR
Mellea sp. THYR012;1,5;7,5;1,2;7,8;PAR
Mellea sp.near rectiviata;1,0;8,0;1,0;8,0;PAR
Moca congrualis;1,0;8,0;1,0;8,0;PAR
Noctuidae sp.NOCT061;1,0;8,0;1,0;8,0;PAR
NolidaeGEN sp. AAH3367;1,0;8,0;1,0;8,0;PAR
Nothomastix klossi;1,0;8,0;1,0;8,0;PAR
Nycteola n. sp. AAB7439;1,0;8,0;1,0;8,0;PAR
Nycteola nr. pseudoindica;1,0;8,0;1,0;8,0;PAR
OecophoridaeGEN sp. AAH7348;1,0;8,0;1,0;8,0;PAR
Ophiorrhabda deceptor;1,5;7,5;1,2;7,8;PAR
Ophyx crinipes;2,0;7,0;1,7;7,3;PAR
Orthaga nr. percnodes;1,2;7,8;1,1;7,9;PAR
Orvasca sp. AAD8421;1,0;8,0;1,0;8,0;PAR
Paraphomia disjuncta;1,6;7,4;1,4;7,6;PAR
Pharambara splendida;1,5;7,5;1,3;7,7;PAR
Philiris helena;2,6;6,4;2,2;6,8;PAR
Philiris moira;1,7;7,3;1,5;7,5;PAR
Philiris sp. AAF6866;1,0;8,0;1,0;8,0;PAR
Piletocera sp. CRAM094;1,0;8,0;1,0;8,0;PAR
Pleuroptya nr. sabinusalis;1,0;8,0;1,0;8,0;PAR
Pseudocera nr. trissosticha;1,5;7,5;1,4;7,6;PAR
Pseudocera sp. AAB1481;1,0;8,0;1,0;8,0;PAR
Pyrophractis isotherma;1,0;8,0;1,0;8,0;PAR
Rhodoneura aurata;1,2;7,8;1,2;7,8;PAR
Statherotis discana;1,0;8,0;1,0;8,0;PAR
Talanga deliciosa;1,5;7,5;1,3;7,7;PAR
Talanga excelsalis;1,7;7,3;1,6;7,4;PAR
Talanga polyzonalis;1,0;8,0;1,0;8,0;PAR
Talanga sexpunctalis complex;1,3;7,7;1,1;7,9;PAR
Tamba kebea;1,3;7,8;1,2;7,8;PAR
Targalla palliatrix;1,0;8,0;1,0;8,0;PAR
Tipasa sp. AAI0377;1,0;8,0;1,0;8,0;PAR
Tipasa sp. GEOM158;1,0;8,0;1,0;8,0;PAR
Unadophanes trissomita;1,6;7,4;1,5;7,5;PAR
Xenothictis gnetivora;1,3;7,7;1,2;7,8;PAR
AcontiinaeGEN sp. AAG0292;3,0;2,2;6,0;6,8;NOPARA
Addaea nr. probolopsis;5,0;4,7;4,0;4,3;NOPARA
Addaea pusilla;9,0;9,0;0,0;0,0;NOPARA
Addaea sp. AAL8409;1,0;1,0;8,0;8,0;NOPARA
Addaea syndesma;3,0;2,7;6,0;6,3;NOPARA
Adoxophyes;4,0;3,0;5,0;6,0;NOPARA
Adoxophyes fasciculana;5,0;4,4;4,0;4,6;NOPARA
Adoxophyes n. sp. nr. orana;9,0;8,5;0,0;0,5;NOPARA
Adoxophyes sp. 3;9,0;7,9;0,0;1,1;NOPARA
Adoxophyes sp.9, perstricta complex;1,0;1,0;8,0;8,0;NOPARA
Adoxophyes templana complex;5,0;4,5;4,0;4,5;NOPARA
Adoxophyes thoracica;8,0;7,5;1,0;1,5;NOPARA
Adoxophyes tripselia;7,0;6,9;2,0;2,1;NOPARA
Aetholix flavibasalis;1,0;1,0;8,0;8,0;NOPARA
Agriophara sp. AAD4601;2,0;2,0;7,0;7,0;NOPARA
Agriophara sp. AAD4602;4,0;2,9;5,0;6,1;NOPARA
Agrotera genuflexa;6,0;5,5;3,0;3,5;NOPARA
Agrotera ignepictoides;7,0;5,9;2,0;3,1;NOPARA
Agrotera nr. effertalis;8,0;7,6;1,0;1,4;NOPARA
Agrotera sp. AAJ7071;2,0;1,5;7,0;7,5;NOPARA
Agrotera sp.2 nr basinotata;1,0;1,0;8,0;8,0;NOPARA
Albinospila sp. AAB0430;9,0;8,1;0,0;0,9;NOPARA
Albinospila sp. AAB0431;5,0;4,3;4,0;4,7;NOPARA
Albinospila sp. AAB0432;3,0;2,5;6,0;6,5;NOPARA
Albinospila sp. AAH9003;3,0;1,9;6,0;7,1;NOPARA
Albinospila syntyche;4,0;3,9;5,0;5,1;NOPARA
Anomis flava;1,0;1,0;8,0;8,0;NOPARA
Anthela nr. ekeikei;1,0;1,0;8,0;8,0;NOPARA
Arctornis nr. intacta 1 SEM-2008;8,0;7,4;1,0;1,6;NOPARA
Arctornis nr. intacta 2 SEM-2008;3,0;2,5;6,0;6,5;NOPARA
Arctornis nr. intacta 3 SEM-2008;5,0;4,6;4,0;4,4;NOPARA
Arctornis nr. intacta 4 SEM-2008;4,0;2,8;5,0;6,2;NOPARA
Arctornis sp. AAE6183;3,0;2,2;6,0;6,8;NOPARA
Ardozyga cf. amphiplaca;1,0;1,0;8,0;8,0;NOPARA
Ardozyga nr. amphiplaca;1,0;1,0;8,0;8,0;NOPARA
Arhopala AAC8740;1,0;1,0;8,0;8,0;NOPARA
Arhopala sp. AAC8743;1,0;1,0;8,0;8,0;NOPARA
Arhopala sp. ABZ4430;2,0;1,6;7,0;7,4;NOPARA
Arhopala thamyras;1,0;1,0;8,0;8,0;NOPARA
Archigraptis chrysodema;1,0;1,0;8,0;8,0;NOPARA
Arna;2,0;1,6;7,0;7,4;NOPARA
Arna sp. nr. galactopis;1,0;1,0;8,0;8,0;NOPARA
Artaxa sp. AAB8719;2,0;1,4;7,0;7,6;NOPARA
Artaxa sp. AAD5374;1,0;1,0;8,0;8,0;NOPARA
Asota caricae;6,0;6,0;3,0;3,0;NOPARA
Asota eusemioides;5,0;4,8;4,0;4,2;NOPARA
Asota heliconia;1,0;1,0;8,0;8,0;NOPARA
Asota plana;6,0;5,9;3,0;3,1;NOPARA
Barasa cymatistis;1,0;1,0;8,0;8,0;NOPARA
Berta albiplaga;1,0;1,0;8,0;8,0;NOPARA
Berta sp. AAD4670;1,0;1,0;8,0;8,0;NOPARA
Brenthia JR22;6,0;6,0;3,0;3,0;NOPARA
Brenthia JR24;5,0;4,8;4,0;4,2;NOPARA
Brenthia JR32;7,0;6,2;2,0;2,8;NOPARA
Brenthia JR34;6,0;5,6;3,0;3,4;NOPARA
Brenthia JR37;6,0;5,6;3,0;3,4;NOPARA
Brenthia JR39;3,0;2,7;6,0;6,3;NOPARA
Brenthia JR53;5,0;4,6;4,0;4,4;NOPARA
Brenthia JR54;9,0;8,7;0,0;0,3;NOPARA
Brenthia JR62;7,0;6,6;2,0;2,4;NOPARA
Brenthia sp. AAC1202;5,0;5,0;4,0;4,0;NOPARA
Brenthia sp. AAC1206;4,0;3,6;5,0;5,4;NOPARA
Brenthia sp. AAF6821;3,0;3,0;6,0;6,0;NOPARA
Brenthia sp. AAI3833;5,0;4,5;4,0;4,5;NOPARA
Brenthia sp. AAI3834;2,0;1,9;7,0;7,1;NOPARA
Brenthia sp. AAI3835;4,0;3,7;5,0;5,3;NOPARA
Brenthia sp. AAI3836;1,0;1,0;8,0;8,0;NOPARA
Brenthia sp. AAL5584;3,0;3,0;6,0;6,0;NOPARA
Caeneressa bernhardi;1,0;1,0;8,0;8,0;NOPARA
Calindoea dorilusalis;2,0;2,0;7,0;7,0;NOPARA
Cangetta cf. rectilinea;2,0;1,7;7,0;7,3;NOPARA
Cathyalia sp. AAG0397;1,0;1,0;8,0;8,0;NOPARA
Catoria delectaria;5,0;3,9;4,0;5,1;NOPARA
Cirrhochrista cf. brizoalis;1,0;1,0;8,0;8,0;NOPARA
Cirrhochrista xanthographis;5,0;4,0;4,0;5,0;NOPARA
Cleora repetita;5,0;3,4;4,0;5,6;NOPARA
Coelorhyncidia nitidalis;8,0;8,0;1,0;1,0;NOPARA
CopromorphidaeGEN sp. AAG0483;1,0;1,0;8,0;8,0;NOPARA
CopromorphidaeGEN sp. AAG3732;2,0;2,0;7,0;7,0;NOPARA
CopromorphidaeGEN sp. AAH4359;1,0;1,0;8,0;8,0;NOPARA
Cotana sp. AAI6038;2,0;1,5;7,0;7,5;NOPARA
Crambidae sp.CRAM082;1,0;1,0;8,0;8,0;NOPARA
Crambidae sp.CRAM097;1,0;1,0;8,0;8,0;NOPARA
Crambidae sp.CRAM132;1,0;1,0;8,0;8,0;NOPARA
Crambidae sp.PYRA038;1,0;1,0;8,0;8,0;NOPARA
Cryptoblabes sp. AAG0395;2,0;1,6;7,0;7,4;NOPARA
Cyclophora sp. AAF7883;1,0;1,0;8,0;8,0;NOPARA
Cyclophora sp. AAF7884;3,0;1,9;6,0;7,1;NOPARA
Cyrestis acilia;7,0;6,0;2,0;3,0;NOPARA
Darantasia caerulescens;3,0;2,3;6,0;6,7;NOPARA
Delonoma pyrrhoplecta;1,0;1,0;8,0;8,0;NOPARA
Derambila strigicosta;1,0;1,0;8,0;8,0;NOPARA
Dichomeris n. sp. nr. ochreoviridella;9,0;9,0;0,0;0,0;NOPARA
Dichomeris ochreoviridella;9,0;9,0;0,0;0,0;NOPARA
Dichomeris sp. AAA9076;2,0;1,4;7,0;7,6;NOPARA
Dichomeris sp. AAB2697;4,0;2,8;5,0;6,2;NOPARA
Dichomeris sp. AAI6257;4,0;3,0;5,0;6,0;NOPARA
Dichomeris sp. XXXX068;9,0;9,0;0,0;0,0;NOPARA
Dichomeris sp. XXXX120;8,0;7,9;1,0;1,1;NOPARA
Dilophothripa sp. AAL1093;1,0;1,0;8,0;8,0;NOPARA
Dizuga recusataria;8,0;8,0;1,0;1,0;NOPARA
Drepanidae;1,0;1,0;8,0;8,0;NOPARA
Dudua n. sp. nr. aprobola;6,0;6,0;3,0;3,0;NOPARA
Dysaethria;1,0;1,0;8,0;8,0;NOPARA
Dysrhombia nr. alabastraria;1,0;1,0;8,0;8,0;NOPARA
Eboda smaragdina;1,0;1,0;8,0;8,0;NOPARA
Ectropis bhurmitra;1,0;1,0;8,0;8,0;NOPARA
Eilema plana;1,0;1,0;8,0;8,0;NOPARA
Elachyophtalma cf. kebeae;1,0;1,0;8,0;8,0;NOPARA
Eucyclodes absona;1,0;1,0;8,0;8,0;NOPARA
Eucyclodes albilauta;1,0;1,0;8,0;8,0;NOPARA
Eucyclodes sp. ACF0440;2,0;1,5;7,0;7,5;NOPARA
Eugoa nr. perfasciata;1,0;1,0;8,0;8,0;NOPARA
Euploea leucostictos;6,0;5,1;3,0;3,9;NOPARA
Focillodes;1,0;1,0;8,0;8,0;NOPARA
Gabala australiata;1,0;1,0;8,0;8,0;NOPARA
Garudinodes nr. trizona;1,0;1,0;8,0;8,0;NOPARA
Gauna phaealis;6,0;4,8;3,0;4,2;NOPARA
Gauna sp. AAF4890;1,0;1,0;8,0;8,0;NOPARA
Gelechiidae sp.TORT188;1,0;1,0;8,0;8,0;NOPARA
Gelechiidae sp.XXXX148;1,0;1,0;8,0;8,0;NOPARA
GelechiidaeGEN sp. AAN5589;1,0;1,0;8,0;8,0;NOPARA
Gelechioidea sp.TORT193;1,0;1,0;8,0;8,0;NOPARA
Gelechioidea sp.XXXX121;1,0;1,0;8,0;8,0;NOPARA
Gelechioidea sp.XXXX126;1,0;1,0;8,0;8,0;NOPARA
Geometridae sp.GEOM109;1,0;1,0;8,0;8,0;NOPARA
Geometridae sp.GEOM138;1,0;1,0;8,0;8,0;NOPARA
Geometridae sp.GEOM143;1,0;1,0;8,0;8,0;NOPARA
Geometridae sp.GEOM147;1,0;1,0;8,0;8,0;NOPARA
Geometridae sp.GEOM148;1,0;1,0;8,0;8,0;NOPARA
Geometridae sp.GEOM160;1,0;1,0;8,0;8,0;NOPARA
Geometridae sp.GEOM163;1,0;1,0;8,0;8,0;NOPARA
Geometrinae;1,0;1,0;8,0;8,0;NOPARA
Glyphodes caesalis;1,0;1,0;8,0;8,0;NOPARA
Glyphodes canthusalis;1,0;1,0;8,0;8,0;NOPARA
Glyphodes doleschalii;3,0;2,4;6,0;6,6;NOPARA
Glyphodes margaritaria;9,0;8,9;0,0;0,1;NOPARA
Glyphodes pseudocaesalis;1,0;1,0;8,0;8,0;NOPARA
Gnathothlibus heliodes;2,0;1,6;7,0;7,4;NOPARA
Gonitis involuta;1,0;1,0;8,0;8,0;NOPARA
Gymnasura sp. USNM2;2,0;1,4;7,0;7,6;NOPARA
Gymnasura sp. USNM9;3,0;2,3;6,0;6,7;NOPARA
Haritalodes sp. AAB8316;1,0;1,0;8,0;8,0;NOPARA
Helcystogramma sp. AAI2045;2,0;1,9;7,0;7,1;NOPARA
Heterocnephes scapulalis;1,0;1,0;8,0;8,0;NOPARA
Holocola n. sp. AAC7734;5,0;4,2;4,0;4,8;NOPARA
Homodes iomolybda;3,0;2,2;6,0;6,8;NOPARA
Homona aestivana;6,0;4,8;3,0;4,2;NOPARA
Homona auriga;4,0;2,7;5,0;6,3;NOPARA
Homona mermerodes;7,0;6,2;2,0;2,8;NOPARA
Homona spargotis;3,0;2,0;6,0;7,0;NOPARA
Homona trachyptera;3,0;2,1;6,0;6,9;NOPARA
Hydroclada antigona;1,0;1,0;8,0;8,0;NOPARA
Hypolycaena phorbas;1,0;1,0;8,0;8,0;NOPARA
Hypomecis infaustaria;4,0;2,6;5,0;6,4;NOPARA
Hyposidra;2,0;1,5;7,0;7,5;NOPARA
Hyposidra incomptaria;6,0;4,5;3,0;4,5;NOPARA
Hyposidra talaca;4,0;3,3;5,0;5,7;NOPARA
Hypsopygia nigrivitta;1,0;1,0;8,0;8,0;NOPARA
Chaetocneme lunula;1,0;1,0;8,0;8,0;NOPARA
Chaetocneme sp. AAF8537;1,0;1,0;8,0;8,0;NOPARA
Chalcidoptera emissalis;5,0;3,6;4,0;5,4;NOPARA
Chamaita pr. barnardi;3,0;2,6;6,0;6,4;NOPARA
Chamaita pr. metamelaena;3,0;2,8;6,0;6,2;NOPARA
Chora ekeikei;1,0;1,0;8,0;8,0;NOPARA
Chora huntei;4,0;3,7;5,0;5,3;NOPARA
Choreutidae;1,0;1,0;8,0;8,0;NOPARA
Choreutis basalis;9,0;8,5;0,0;0,5;NOPARA
Choreutis cf. anthorma;9,0;9,0;0,0;0,0;NOPARA
Choreutis chi;1,0;1,0;8,0;8,0;NOPARA
Choreutis JR06;4,0;4,0;5,0;5,0;NOPARA
Choreutis JR07;1,0;1,0;8,0;8,0;NOPARA
Choreutis JR08;1,0;1,0;8,0;8,0;NOPARA
Choreutis JR09;4,0;3,5;5,0;5,5;NOPARA
Choreutis JR11;3,0;2,8;6,0;6,2;NOPARA
Choreutis JR2;4,0;3,6;5,0;5,4;NOPARA
Choreutis JR5;6,0;5,1;3,0;3,9;NOPARA
Choreutis lutescens;9,0;9,0;0,0;0,0;NOPARA
Choreutis tricyanitis;4,0;3,5;5,0;5,5;NOPARA
Chrysocraspeda nr. inundata;4,0;3,9;5,0;5,1;NOPARA
Chrysocraspeda praegriseata;2,0;1,9;7,0;7,1;NOPARA
Chrysocraspeda rothschildi?;2,0;1,6;7,0;7,4;NOPARA
Chrysocraspeda sp. AAB1427;4,0;4,0;5,0;5,0;NOPARA
Chrysocraspeda sp. AAC8547;1,0;1,0;8,0;8,0;NOPARA
Chrysoscota sp, near flavostrigata B-B and vagivitta;1,0;1,0;8,0;8,0;NOPARA
Idiophantis;2,0;1,5;7,0;7,5;NOPARA
Idiophantis n. sp. AAB7063;8,0;7,7;1,0;1,3;NOPARA
Idiophantis n. sp. AAB7064;2,0;1,6;7,0;7,4;NOPARA
Idiophantis n. sp. AAZ1655;2,0;1,5;7,0;7,5;NOPARA
Imma;1,0;1,0;8,0;8,0;NOPARA
Imma monastica;3,0;2,2;6,0;6,8;NOPARA
Imma sp. AAD4328;2,0;1,9;7,0;7,1;NOPARA
Imma sp. AAD4329;1,0;1,0;8,0;8,0;NOPARA
Imma sp. AAF9965;1,0;1,0;8,0;8,0;NOPARA
Imma sp. AAI2315;1,0;1,0;8,0;8,0;NOPARA
Immidae;1,0;1,0;8,0;8,0;NOPARA
Isotenes nr. miserana;3,0;2,2;6,0;6,8;NOPARA
Isotenes sp. AAC7575;5,0;3,3;4,0;5,7;NOPARA
Jodis albifusa;9,0;8,6;0,0;0,4;NOPARA
Jodis sp. AAE5694;5,0;4,9;4,0;4,1;NOPARA
Jodis sp. AAO0087;2,0;1,6;7,0;7,4;NOPARA
Labdia sp. AAH4360;1,0;1,0;8,0;8,0;NOPARA
Lactura rhodographa;2,0;1,6;7,0;7,4;NOPARA
Lactura sp. AAI2177;3,0;2,5;6,0;6,5;NOPARA
Lambula agraphia;2,0;1,5;7,0;7,5;NOPARA
Lambula sp. ACE6062;1,0;1,0;8,0;8,0;NOPARA
Lambula sp. USNM1;1,0;1,0;8,0;8,0;NOPARA
Lambula sp. USNM5;3,0;2,2;6,0;6,8;NOPARA
Lecithocera sp. AAI1270;1,0;1,0;8,0;8,0;NOPARA
Lecithocera sp. AAI1271;1,0;1,0;8,0;8,0;NOPARA
Lecithocera sp. AAI1272;1,0;1,0;8,0;8,0;NOPARA
Lepidoptera sp.XXXX113;1,0;1,0;8,0;8,0;NOPARA
Lepidoptera sp.XXXX128;1,0;1,0;8,0;8,0;NOPARA
Lepidoptera sp.XXXX137;1,0;1,0;8,0;8,0;NOPARA
Lepidoptera sp.XXXX138;1,0;1,0;8,0;8,0;NOPARA
Lepidoptera sp.XXXX140;1,0;1,0;8,0;8,0;NOPARA
Lepidoptera sp.XXXX141;1,0;1,0;8,0;8,0;NOPARA
Lepidoptera sp.XXXX145;1,0;1,0;8,0;8,0;NOPARA
Lepidoptera sp.XXXX146;1,0;1,0;8,0;8,0;NOPARA
Lepidoptera sp.XXXX150;1,0;1,0;8,0;8,0;NOPARA
LepidopteraGEN sp. AAH4358;1,0;1,0;8,0;8,0;NOPARA
LepidopteraGEN sp. AAH4361;1,0;1,0;8,0;8,0;NOPARA
Leucoma sp. ABU6384;1,0;1,0;8,0;8,0;NOPARA
Limacodidae sp.LIMA027;1,0;1,0;8,0;8,0;NOPARA
Lista carniola;1,0;1,0;8,0;8,0;NOPARA
Lithosiinae sp.PYRA039;1,0;1,0;8,0;8,0;NOPARA
Lithosiinae sp.TORT189;1,0;1,0;8,0;8,0;NOPARA
Lithosiinae sp.XXXX149;1,0;1,0;8,0;8,0;NOPARA
Loboschiza;2,0;1,5;7,0;7,5;NOPARA
Loboschiza sp. AAI1072;9,0;8,4;0,0;0,6;NOPARA
Lophopepla sp. AAI1091;2,0;1,5;7,0;7,5;NOPARA
Luxiaria sp. AAF9578;1,0;1,0;8,0;8,0;NOPARA
Lymantria;1,0;1,0;8,0;8,0;NOPARA
Lymantria novaguineensis;2,0;1,5;7,0;7,5;NOPARA
Lymantriidae sp.LYMA067;1,0;1,0;8,0;8,0;NOPARA
Lymantriidae sp.LYMA072;1,0;1,0;8,0;8,0;NOPARA
Lymantriidae sp.LYMA077;1,0;1,0;8,0;8,0;NOPARA
LymantriinaeGEN sp. AAG9399;1,0;1,0;8,0;8,0;NOPARA
Macarostola sp. AAI1170;5,0;4,6;4,0;4,4;NOPARA
Macarostola sp. AAI1171;2,0;1,6;7,0;7,4;NOPARA
Macroglossum inspida papuanum;4,0;2,7;5,0;6,3;NOPARA
Macroglossum melas pullius;8,0;7,2;1,0;1,8;NOPARA
Macrothyma sanguinolenta;4,0;3,1;5,0;5,9;NOPARA
Mambara sp. AAK7402;4,0;2,9;5,0;6,1;NOPARA
Mambara sp. AAL3983;1,0;1,0;8,0;8,0;NOPARA
Marapana pulverata;1,0;1,0;8,0;8,0;NOPARA
Mecistoptera franzwagneri;5,0;3,8;4,0;5,2;NOPARA
Mecistoptera n. sp. AAB6947;4,0;2,9;5,0;6,1;NOPARA
Mecistoptera sophiewagnerae;4,0;3,3;5,0;5,7;NOPARA
Meekiaria nigriscriptalis;2,0;1,8;7,0;7,2;NOPARA
Meekiaria nr. lignea;1,0;1,0;8,0;8,0;NOPARA
Meekiaria purpurea;9,0;9,0;0,0;0,0;NOPARA
Meekiaria sp. AAA3375;7,0;6,6;2,0;2,4;NOPARA
Meekiaria sp. AAA3376;6,0;5,4;3,0;3,6;NOPARA
Meekiaria sp. AAA3378;6,0;5,9;3,0;3,1;NOPARA
Meekiaria sp. AAA3379;6,0;5,5;3,0;3,5;NOPARA
Meekiaria sp. AAA3380;6,0;5,3;3,0;3,7;NOPARA
Meekiaria sp. AAJ1732;2,0;1,7;7,0;7,3;NOPARA
Meekiaria sp. BOLD:AAA3374;8,0;8,0;1,0;1,0;NOPARA
Meekiaria sp. CRAM151;3,0;2,7;6,0;6,3;NOPARA
Mellea;1,0;1,0;8,0;8,0;NOPARA
Mellea hieroglyphica;7,0;6,8;2,0;2,2;NOPARA
Mellea nitida;9,0;9,0;0,0;0,0;NOPARA
Mellea ordinaria complex;9,0;8,9;0,0;0,1;NOPARA
Mellea ramifera;7,0;7,0;2,0;2,0;NOPARA
Mellea rectiviata;4,0;3,3;5,0;5,7;NOPARA
Mellea sp. 1 nr. ordinaria;8,0;7,7;1,0;1,3;NOPARA
Mellea sp. AAI1456;6,0;5,2;3,0;3,8;NOPARA
Mellea sp. AAI1457;3,0;2,6;6,0;6,4;NOPARA
Mellea sp. AAI1460;1,0;1,0;8,0;8,0;NOPARA
Mellea sp. AAI1461;3,0;2,6;6,0;6,4;NOPARA
Mellea sp. THYR012;8,0;7,6;1,0;1,4;NOPARA
Mellea sp.near rectiviata;2,0;2,0;7,0;7,0;NOPARA
Metaphoenia sp. AAI1563;1,0;1,0;8,0;8,0;NOPARA
Moca ancistrota;1,0;1,0;8,0;8,0;NOPARA
Moca congrualis;9,0;7,8;0,0;1,2;NOPARA
Nacaduba berenice;1,0;1,0;8,0;8,0;NOPARA
Nausinoe globulipedalis;1,0;1,0;8,0;8,0;NOPARA
Noctuidae sp.GEOM149;1,0;1,0;8,0;8,0;NOPARA
Noctuidae sp.NOCT095;1,0;1,0;8,0;8,0;NOPARA
Noctuidae sp.NOCT097;2,0;1,4;7,0;7,6;NOPARA
Noctuidae sp.NOCT100;1,0;1,0;8,0;8,0;NOPARA
Noctuidae sp.NOCT104;1,0;1,0;8,0;8,0;NOPARA
Noctuidae sp.NOCT107;1,0;1,0;8,0;8,0;NOPARA
Noctuidae sp.NOCT117;1,0;1,0;8,0;8,0;NOPARA
Noctuidae sp.NOCT119;1,0;1,0;8,0;8,0;NOPARA
Noctuidae sp.NOCT121;1,0;1,0;8,0;8,0;NOPARA
Noctuidae sp.NOCT122;1,0;1,0;8,0;8,0;NOPARA
Noctuidae sp.NOCT123;1,0;1,0;8,0;8,0;NOPARA
NoctuidaeGEN sp. AAG0293;3,0;2,0;6,0;7,0;NOPARA
Nolidae sp.NOLI002;1,0;1,0;8,0;8,0;NOPARA
Nolidae sp.TORT194;2,0;1,4;7,0;7,6;NOPARA
NolidaeGEN sp. AAH3366;2,0;1,5;7,0;7,5;NOPARA
NolidaeGEN sp. AAH3367;1,0;1,0;8,0;8,0;NOPARA
Notarcha sp. ACE6204;1,0;1,0;8,0;8,0;NOPARA
Nothomastix klossi;1,0;1,0;8,0;8,0;NOPARA
nr. Peritornenta;1,0;1,0;8,0;8,0;NOPARA
Nudaria sp. USNM1;1,0;1,0;8,0;8,0;NOPARA
Nudaria sp. USNM2;2,0;1,4;7,0;7,6;NOPARA
Nycteola indicatana;8,0;6,7;1,0;2,3;NOPARA
Nycteola n. sp. AAB7439;9,0;8,1;0,0;0,9;NOPARA
Nycteola nr. pseudoindica;5,0;4,2;4,0;4,8;NOPARA
OecophoridaeGEN sp. AAH7348;3,0;2,0;6,0;7,0;NOPARA
OecophorinaeGEN sp. AAF9711;2,0;2,0;7,0;7,0;NOPARA
Oenospila sp. AAB6770;6,0;5,2;3,0;3,8;NOPARA
Oenospila sp. AAD3332;3,0;2,5;6,0;6,5;NOPARA
Olene sp. AAB5676;1,0;1,0;8,0;8,0;NOPARA
Olene sp. nr. mendosa;5,0;3,7;4,0;5,3;NOPARA
OlethreutinaeGEN sp. AAG0327;1,0;1,0;8,0;8,0;NOPARA
Omiodes lasiocnemis;1,0;1,0;8,0;8,0;NOPARA
Ophiorrhabda deceptor;9,0;8,6;0,0;0,4;NOPARA
Ophyx crinipes;6,0;5,8;3,0;3,2;NOPARA
Orthaga melanoperalis;4,0;3,6;5,0;5,4;NOPARA
Orthaga nr. percnodes;6,0;5,7;3,0;3,3;NOPARA
Orvasca sp. AAD8421;4,0;2,8;5,0;6,2;NOPARA
Orvasca sp. AAG9398;2,0;1,8;7,0;7,2;NOPARA
Orvasca sp. ADH2494;3,0;2,5;6,0;6,5;NOPARA
Orvasca sp.1;1,0;1,0;8,0;8,0;NOPARA
Paradromulia nr. but not lignifascia;1,0;1,0;8,0;8,0;NOPARA
Parapamemene;1,0;1,0;8,0;8,0;NOPARA
Paraphomia disjuncta;6,0;6,0;3,0;3,0;NOPARA
Paraphomia sp. AAI2622;3,0;2,7;6,0;6,3;NOPARA
Parilyrgis intacta;1,0;1,0;8,0;8,0;NOPARA
Parotis hilaralis;2,0;1,6;7,0;7,4;NOPARA
Peritornenta;2,0;1,4;7,0;7,6;NOPARA
Perixera ampligutta;2,0;1,8;7,0;7,2;NOPARA
Perixera sp. AAI2524;1,0;1,0;8,0;8,0;NOPARA
Perixera sp. AAI2525;1,0;1,0;8,0;8,0;NOPARA
Pharambara micacealis;1,0;1,0;8,0;8,0;NOPARA
Pharambara splendida;9,0;9,0;0,0;0,0;NOPARA
Philiris helena;9,0;9,0;0,0;0,0;NOPARA
Philiris moira;8,0;7,5;1,0;1,5;NOPARA
Philiris sp. AAF6866;3,0;2,5;6,0;6,5;NOPARA
Phostria lanialis;1,0;1,0;8,0;8,0;NOPARA
PhycitinaeGEN sp. AAG0392;1,0;1,0;8,0;8,0;NOPARA
PhycitinaeGEN sp. AAG0396;1,0;1,0;8,0;8,0;NOPARA
Piletocera sp. CRAM094;1,0;1,0;8,0;8,0;NOPARA
Pingasa chlora;5,0;4,2;4,0;4,8;NOPARA
Piratisca minax;4,0;3,0;5,0;6,0;NOPARA
Pleuroptya nr. sabinusalis;3,0;2,2;6,0;6,8;NOPARA
Polygiton sp. AAH1014;4,0;3,5;5,0;5,5;NOPARA
Polypogon sp. AAI2776;1,0;1,0;8,0;8,0;NOPARA
Pseudocera nr. trissosticha;4,0;3,9;5,0;5,1;NOPARA
Pseudocera sp. AAB1481;3,0;3,0;6,0;6,0;NOPARA
Pterophoridae;1,0;1,0;8,0;8,0;NOPARA
PterophoridaeGEN sp. AAG1468;2,0;1,6;7,0;7,4;NOPARA
Pterophorus albidus;2,0;1,6;7,0;7,4;NOPARA
Pycnozancla sp. AAE8365;1,0;1,0;8,0;8,0;NOPARA
Pyralidae sp.PYRA032;1,0;1,0;8,0;8,0;NOPARA
Pyralidae sp.PYRA035;1,0;1,0;8,0;8,0;NOPARA
Pyrophractis isotherma;4,0;3,4;5,0;5,6;NOPARA
Rehimena cissophora;1,0;1,0;8,0;8,0;NOPARA
Rhodoneura aurata;8,0;8,0;1,0;1,0;NOPARA
Roeselia hemizona;2,0;1,8;7,0;7,2;NOPARA
Saptha cf. exanthista;1,0;1,0;8,0;8,0;NOPARA
Sarobides inconclusa;2,0;1,4;7,0;7,6;NOPARA
Scopelodes nitens;2,0;1,5;7,0;7,5;NOPARA
Scopula amala;1,0;1,0;8,0;8,0;NOPARA
Scopula sp. AAG9552;1,0;1,0;8,0;8,0;NOPARA
Scythropiodes n sp near perissa;1,0;1,0;8,0;8,0;NOPARA
Selepa discigera;2,0;1,5;7,0;7,5;NOPARA
Simplicia;1,0;1,0;8,0;8,0;NOPARA
Simplicia cornicalis;1,0;1,0;8,0;8,0;NOPARA
Simplicia erebina;1,0;1,0;8,0;8,0;NOPARA
Somena;1,0;1,0;8,0;8,0;NOPARA
Sphenarches anisodactylus;1,0;1,0;8,0;8,0;NOPARA
Spilosoma niceta;1,0;1,0;8,0;8,0;NOPARA
Sporostigena n. sp. AAJ3512;1,0;1,0;8,0;8,0;NOPARA
Statherotis discana;1,0;1,0;8,0;8,0;NOPARA
Stictoptera;1,0;1,0;8,0;8,0;NOPARA
Striglina asinina;1,0;1,0;8,0;8,0;NOPARA
Striglina cinnamomea;1,0;1,0;8,0;8,0;NOPARA
Syllepte nr. iopasalis;1,0;1,0;8,0;8,0;NOPARA
Syllepte solilucis;1,0;1,0;8,0;8,0;NOPARA
Symmacra solidaria ochrea;2,0;1,5;7,0;7,5;NOPARA
Syntomaula n sp;1,0;1,0;8,0;8,0;NOPARA
Tabidia insanalis;2,0;1,5;7,0;7,5;NOPARA
Talanga deliciosa;7,0;7,0;2,0;2,0;NOPARA
Talanga excelsalis;9,0;9,0;0,0;0,0;NOPARA
Talanga polyzonalis;7,0;6,6;2,0;2,4;NOPARA
Talanga sexpunctalis complex;9,0;9,0;0,0;0,0;NOPARA
Tamba;1,0;1,0;8,0;8,0;NOPARA
Tamba kebea;5,0;4,9;4,0;4,1;NOPARA
Tamba magniplaga;1,0;1,0;8,0;8,0;NOPARA
Tamba plumipes;1,0;1,0;8,0;8,0;NOPARA
Targalla palliatrix;5,0;4,4;4,0;4,6;NOPARA
Targalla subocellata;1,0;1,0;8,0;8,0;NOPARA
Targalla suffundens;2,0;1,4;7,0;7,6;NOPARA
Teia sp. AAB5680;1,0;1,0;8,0;8,0;NOPARA
Teia sp. AAE9809;1,0;1,0;8,0;8,0;NOPARA
Teia sp. AAI3599;1,0;1,0;8,0;8,0;NOPARA
Teia sp. ABX5688;1,0;1,0;8,0;8,0;NOPARA
Teldenia;1,0;1,0;8,0;8,0;NOPARA
Thosea monoloncha?;3,0;1,9;6,0;7,1;NOPARA
Thyrididae;2,0;1,5;7,0;7,5;NOPARA
Tipasa sp. AAI0376;1,0;1,0;8,0;8,0;NOPARA
Tipasa sp. AAI0377;1,0;1,0;8,0;8,0;NOPARA
Tipasa sp. GEOM158;2,0;1,6;7,0;7,4;NOPARA
Tortricidae sp.TORT100;1,0;1,0;8,0;8,0;NOPARA
Tortricidae sp.TORT174;1,0;1,0;8,0;8,0;NOPARA
Tortricidae sp.TORT175;1,0;1,0;8,0;8,0;NOPARA
Tortricidae sp.TORT185;1,0;1,0;8,0;8,0;NOPARA
Tortricidae sp.TORT186;1,0;1,0;8,0;8,0;NOPARA
Tortricidae sp.TORT205;1,0;1,0;8,0;8,0;NOPARA
Tortricidae sp.TORT207;1,0;1,0;8,0;8,0;NOPARA
Tortricidae sp.TORT209;1,0;1,0;8,0;8,0;NOPARA
Tortricidae sp.XXXX123;1,0;1,0;8,0;8,0;NOPARA
Trichalis nr. aereoplagiata;1,0;1,0;8,0;8,0;NOPARA
Trischalis iridescens;1,0;1,0;8,0;8,0;NOPARA
Unadophanes trissomita;9,0;8,9;0,0;0,1;NOPARA
Uraniidae sp.URAN012;2,0;1,4;7,0;7,6;NOPARA
Uraniidae sp.URAN013;1,0;1,0;8,0;8,0;NOPARA
Uraniidae sp.URAN014;1,0;1,0;8,0;8,0;NOPARA
Xenothictis gnetivora;8,0;6,4;1,0;2,6;NOPARA
Xylinophylla maculata;2,0;1,6;7,0;7,4;NOPARA
Xyloryctinae;1,0;1,0;8,0;8,0;NOPARA
Zaratha sp.1;1,0;1,0;8,0;8,0;NOPARA
Zygaenosia sp. USNM1;3,0;1,9;6,0;7,1;NOPARA
